origin_code,origin_lat,origin_lon,dest_code,dest_lat,dest_lon,waypoint1_lat,waypoint1_lon,waypoint2_lat,waypoint2_lon,waypoint3_lat,waypoint3_lon,waypoint4_lat,waypoint4_lon,waypoint5_lat,waypoint5_lon,waypoint6_lat,waypoint6_lon,waypoint7_lat,waypoint7_lon,waypoint8_lat,waypoint8_lon,waypoint9_lat,waypoint9_lon,waypoint10_lat,waypoint10_lon,route_name,category,distance_km,recommended_aircraft
PEK,40.080161,116.584559,PVG,31.143378,121.805214,37.86793314467044,118.01869472690278,35.64000880146123,119.35145452526484,33.398202286073705,120.61166709067167,,,,,,,,,,,,,,,北京-上海,中国,1098.8,"A320-200,B737-800,A321-200,B757-200"
PEK,40.080161,116.584559,CAN,23.3924,113.2988,37.30524495457899,115.95891991223584,34.5273472475079,115.36064619671072,31.74672093017825,114.80104308509937,28.96379181780273,114.27410542624531,26.17891706969597,113.77478799357988,,,,,,,,,,,北京-广州,中国,1881.3,"A320-200,B737-800,A321-200,B757-200"
PEK,40.080161,116.584559,CTU,30.5785,103.947,38.29152792006954,113.82149236373904,36.44067528119631,111.17595717590264,34.53420097684698,108.65549323195604,32.57828774439496,106.24931053261147,,,,,,,,,,,,,北京-成都,中国,1557.2,"A320-200,B737-800,A321-200,B757-200"
PEK,40.080161,116.584559,SZX,22.6393,113.8107,37.17783361014679,116.0558700583699,34.27343713680984,115.54917698560278,31.36709483426705,115.07636084808595,28.459122546606054,114.63194030458196,25.54978348175168,114.2113423744696,,,,,,,,,,,北京-深圳,中国,1957.1,"A320-200,B737-800,A321-200,B757-200"
PVG,31.143378,121.805214,CAN,23.3924,113.2988,29.63711245551025,120.00721414423693,28.10631267875224,118.2596575758238,26.55399033108168,116.56161840037072,24.98208511740726,114.9092350032703,,,,,,,,,,,,,上海-广州,中国,1203.4,"A320-200,B737-800,A321-200,B757-200"
PVG,31.143378,121.805214,CTU,30.5785,103.947,31.22186396726256,118.82382854586838,31.23044453989077,115.83663721552072,31.17000591717796,112.85108406968456,31.04079986056141,109.87149991300538,30.843361425917674,106.90211679415611,,,,,,,,,,,上海-成都,中国,1704.2,"A320-200,B737-800,A321-200,B757-200"
PVG,31.143378,121.805214,SZX,22.6393,113.8107,29.481257667431112,120.10751603837176,27.797288264404862,118.46199607658345,26.0944210637549,116.86697553194972,24.374519686117843,115.31795769198176,,,,,,,,,,,,,上海-深圳,中国,1233.4,"A320-200,B737-800,A321-200,B757-200"
PVG,31.143378,121.805214,CKG,29.7192,106.6417,31.0013611294092,118.74352619890644,30.78630797017169,115.69023200971924,30.50007166416071,112.65280502316384,30.14387260682525,109.63536439350403,,,,,,,,,,,,,上海-重庆,中国,1461.6,"A320-200,B737-800,A321-200,B757-200"
CAN,23.3924,113.2988,CTU,30.5785,103.947,24.87693592881139,111.52098323007436,26.339910996289927,109.70024363658538,27.77929476101322,107.83325892909916,29.19292526348314,105.916649891181,,,,,,,,,,,,,广州-成都,中国,1222.6,"A320-200,B737-800,A321-200,B757-200"
CAN,23.3924,113.2988,CKG,29.7192,106.6417,25.00219037519465,111.70163964388264,26.594476261087863,110.06229737932048,28.16745888445168,108.37697364056037,,,,,,,,,,,,,,,广州-重庆,中国,965.6,"ERJ-145,CRJ-900,E190,A220-300"
CAN,23.3924,113.2988,HGH,30.229503,120.434453,25.13408415788568,115.00431405243252,26.855685206317588,116.75889754300884,28.55496618459782,118.5673478307863,,,,,,,,,,,,,,,广州-杭州,中国,1038.4,"A320-200,B737-800,A321-200,B757-200"
CAN,23.3924,113.2988,XIY,34.4471,108.7515,25.61475382805098,112.46230366944592,27.83216653219825,111.5941276598651,30.04392142771701,110.6897637129782,32.24920744126363,109.7441375660189,,,,,,,,,,,,,广州-西安,中国,1306.0,"A320-200,B737-800,A321-200,B757-200"
PEK,40.080161,116.584559,HGH,30.229503,120.434453,37.629165077147576,117.65273558363572,35.16972686353283,118.6352065914915,32.70282285972962,119.55987284862742,,,,,,,,,,,,,,,北京-杭州,中国,1149.0,"A320-200,B737-800,A321-200,B757-200"
PEK,40.080161,116.584559,XIY,34.4471,108.7515,38.72175383466151,114.5274127299502,37.32828976037234,112.53013862048178,35.90248764234115,110.60642843026032,,,,,,,,,,,,,,,北京-西安,中国,934.7,"ERJ-145,CRJ-900,E190,A220-300"
PEK,40.080161,116.584559,KMG,25.1019,102.9292,37.69725415754003,113.97280042977556,35.25985269285873,111.50816335651344,32.77541594904238,109.18884287499404,30.250582361873523,106.99655119748547,27.691084500792726,104.9148988086258,,,,,,,,,,,北京-昆明,中国,2095.6,"A320-200,B737-800,A321-200,B757-200"
PEK,40.080161,116.584559,CKG,29.7192,106.6417,38.07698039991814,114.3969980657594,36.03503728170749,112.30965022589974,33.95875846082793,110.32868884377416,31.852267158889195,108.44280793242196,,,,,,,,,,,,,北京-重庆,中国,1465.0,"A320-200,B737-800,A321-200,B757-200"
PEK,40.080161,116.584559,NKG,31.742,118.862,37.99955735395669,117.21452256007528,35.91622407170354,117.79217596428543,33.83026613475041,118.34015270574392,,,,,,,,,,,,,,,北京-南京,中国,949.1,"ERJ-145,CRJ-900,E190,A220-300"
PEK,40.080161,116.584559,WUH,30.7838,114.2081,37.76051431462697,115.94982407976612,35.437742132284775,115.3363187406344,33.11204083322951,114.75725946209748,,,,,,,,,,,,,,,北京-武汉,中国,1056.1,"A320-200,B737-800,A321-200,B757-200"
PEK,40.080161,116.584559,XMN,24.544,118.1278,39.2885,116.6238,36.8354,117.0157,27.675,117.985,27.0285,118.0059,,,,,,,,,,,,,北京-厦门,中国,1733.4,"A320-200,B737-800,A321-200,B757-200"
PEK,40.080161,116.584559,TSN,39.124353,117.346183,39.9782,116.7449,39.38,116.9335,,,,,,,,,,,,,,,,,北京-天津,中国,123.9,"ERJ-145,CRJ-900,E190,A220-300"
PEK,40.080161,116.584559,CGO,34.5197,113.8408,39.784,116.5954,39.0554,116.0283,35.9193,114.0847,35.2602,114.0562,,,,,,,,,,,,,北京-郑州,中国,664.7,"ERJ-145,CRJ-900,E190,A220-300"
PEK,40.080161,116.584559,HRB,45.623403,126.250328,40.5223,117.3353,41.3796,118.2465,44.8802,124.0458,44.6425,124.7649,,,,,,,,,,,,,北京-哈尔滨,中国,998.0,"ERJ-145,CRJ-900,E190,A220-300"
PEK,40.080161,116.584559,URC,43.907106,87.474244,40.3755,115.1291,41.6324,110.9316,42.7792,102.516,43.9331,93.3764,43.7403,91.8051,,,,,,,,,,,北京-乌鲁木齐,中国,2431.5,"A320-200,B737-800,A321-200,B757-200"
PEK,40.080161,116.584559,DLC,38.9657,121.5386,40.1203,117.0742,40.0955,117.4324,38.8748,120.6997,,,,,,,,,,,,,,,北京-大连,中国,441.0,"ERJ-145,CRJ-900,E190,A220-300"
PEK,40.080161,116.584559,SYX,18.3029,109.4125,39.1859,115.9266,35.9837,115.0463,29.0875,112.7433,22.5748,110.5593,21.4626,110.5482,,,,,,,,,,,北京-三亚,中国,2517.8,"A320-200,B737-800,A321-200,B757-200"
PEK,40.080161,116.584559,TAO,36.266111,120.374417,39.7649,116.6312,39.5811,117.1417,37.0431,119.8346,,,,,,,,,,,,,,,北京-青岛,中国,537.0,"ERJ-145,CRJ-900,E190,A220-300"
PEK,40.080161,116.584559,CSX,28.189158,113.219633,37.70971864695237,115.8441825226564,35.33497487556928,115.1323750663934,32.95629729762801,114.46125967909865,30.57421982052958,113.82536788344083,,,,,,,,,,,,,北京-长沙,中国,1358.0,"A320-200,B737-800,A321-200,B757-200"
PEK,40.080161,116.584559,NNG,22.608267,108.172442,39.3207,115.8244,36.3774,114.8668,26.0727,109.912,24.9722,108.9871,,,,,,,,,,,,,北京-南宁,中国,2098.7,"A320-200,B737-800,A321-200,B757-200"
PVG,31.143378,121.805214,HGH,30.229503,120.434453,30.840977484709185,121.34753454919824,30.53603427882241,120.88968058716412,,,,,,,,,,,,,,,,,上海-杭州,中国,166.1,"ERJ-145,CRJ-900,E190,A220-300"
PVG,31.143378,121.805214,XIY,34.4471,108.7515,31.911366303443245,119.2763686688221,32.62740552306256,116.70330451504326,33.29015252376912,114.09030375156844,33.897415332160875,111.43900450032528,,,,,,,,,,,,,上海-西安,中国,1273.4,"A320-200,B737-800,A321-200,B757-200"
PVG,31.143378,121.805214,KMG,25.1019,102.9292,30.325478631673658,118.5142897025381,29.42554541138468,115.2775511042386,28.448791485993887,112.1000397321917,27.3996222500102,108.98280013025048,26.28250093780162,105.92603738718395,,,,,,,,,,,上海-昆明,中国,1966.3,"A320-200,B737-800,A321-200,B757-200"
PVG,31.143378,121.805214,NKG,31.742,118.862,31.35101156017172,120.83039475340765,31.55027503161466,119.8482591843273,,,,,,,,,,,,,,,,,上海-南京,中国,287.3,"ERJ-145,CRJ-900,E190,A220-300"
PVG,31.143378,121.805214,WUH,30.7838,114.2081,31.07367160987183,119.2689467196455,30.953384993301537,116.73468558915572,,,,,,,,,,,,,,,,,上海-武汉,中国,725.6,"ERJ-145,CRJ-900,E190,A220-300"
PVG,31.143378,121.805214,XMN,24.544,118.1278,30.7104,121.8751,30.1176,120.9662,25.2792,118.7822,,,,,,,,,,,,,,,上海-厦门,中国,818.1,"ERJ-145,CRJ-900,E190,A220-300"
PVG,31.143378,121.805214,CGO,34.5197,113.8408,31.4539,121.3837,31.6581,120.1857,33.5932,115.3746,34.3325,114.8681,,,,,,,,,,,,,上海-郑州,中国,833.3,"ERJ-145,CRJ-900,E190,A220-300"
PVG,31.143378,121.805214,HRB,45.623403,126.250328,31.9796,122.1255,33.998,122.5171,42.9746,125.1222,43.7037,125.6192,,,,,,,,,,,,,上海-哈尔滨,中国,1655.2,"A320-200,B737-800,A321-200,B757-200"
PVG,31.143378,121.805214,URC,43.907106,87.474244,31.803,120.1437,33.7641,117.6219,34.2089,115.7458,42.4795,95.1095,42.4183,93.5513,43.6425,89.5655,,,,,,,,,上海-乌鲁木齐,中国,3312.5,"A320-200,B737-800,A330-300,B767-300ER"
PVG,31.143378,121.805214,DLC,38.9657,121.5386,31.7687,121.7733,32.9595,121.6115,37.9649,121.7384,,,,,,,,,,,,,,,上海-大连,中国,870.0,"ERJ-145,CRJ-900,E190,A220-300"
PVG,31.143378,121.805214,SYX,18.3029,109.4125,30.3355,120.9992,28.7003,118.9881,25.0827,115.5707,20.7593,111.7855,20.4788,110.9001,,,,,,,,,,,上海-三亚,中国,1895.9,"A320-200,B737-800,A321-200,B757-200"
PVG,31.143378,121.805214,TAO,36.266111,120.374417,31.3913,121.4458,31.9133,121.6893,35.7094,120.7932,,,,,,,,,,,,,,,上海-青岛,中国,584.7,"ERJ-145,CRJ-900,E190,A220-300"
PVG,31.143378,121.805214,CSX,28.189158,113.219633,30.458277931863044,119.61387742250903,29.736055894276166,117.45093893145116,28.9791799241474,115.3196565701686,,,,,,,,,,,,,,,上海-长沙,中国,892.1,"ERJ-145,CRJ-900,E190,A220-300"
PVG,31.143378,121.805214,NNG,22.608267,108.172442,30.7458,120.783,29.6684,118.6548,24.6013,110.4612,23.9843,110.3123,,,,,,,,,,,,,上海-南宁,中国,1650.0,"A320-200,B737-800,A321-200,B757-200"
PVG,31.143378,121.805214,FOC,25.9351,119.6633,30.8525,121.5397,29.8937,121.283,26.7274,119.9629,26.5725,120.2641,,,,,,,,,,,,,上海-福州,中国,615.9,"ERJ-145,CRJ-900,E190,A220-300"
PVG,31.143378,121.805214,HFE,31.78,117.298,31.1183,121.3321,31.0863,120.9782,31.5433,117.6962,,,,,,,,,,,,,,,上海-合肥,中国,433.6,"ERJ-145,CRJ-900,E190,A220-300"
CAN,23.3924,113.2988,KMG,25.1019,102.9292,23.88523465081903,110.733246808695,24.335227027734145,108.14893605053146,24.741157097839903,105.5471118558276,,,,,,,,,,,,,,,广州-昆明,中国,1068.1,"A320-200,B737-800,A321-200,B757-200"
CAN,23.3924,113.2988,NKG,31.742,118.862,25.49970659999795,114.61315084721934,27.59488010222911,115.97431903897012,29.67626248275718,117.38837363050064,,,,,,,,,,,,,,,广州-南京,中国,1077.8,"A320-200,B737-800,A321-200,B757-200"
CAN,23.3924,113.2988,WUH,30.7838,114.2081,25.24077785945926,113.51527092633448,27.08883051799988,113.73842971537852,28.936518974145272,113.96907704695482,,,,,,,,,,,,,,,广州-武汉,中国,826.8,"ERJ-145,CRJ-900,E190,A220-300"
CAN,23.3924,113.2988,XMN,24.544,118.1278,23.7306,113.3786,23.6302,113.9796,24.2917,117.2606,24.627,117.1789,,,,,,,,,,,,,广州-厦门,中国,507.1,"ERJ-145,CRJ-900,E190,A220-300"
CAN,23.3924,113.2988,SYX,18.3029,109.4125,23.4312,113.1257,22.2226,112.6281,19.368,110.0591,19.0316,110.2023,,,,,,,,,,,,,广州-三亚,中国,695.1,"ERJ-145,CRJ-900,E190,A220-300"
CAN,23.3924,113.2988,CSX,28.189158,113.219633,24.991337972352163,113.27323068753948,26.590271460025257,113.2469872210803,,,,,,,,,,,,,,,,,广州-长沙,中国,533.4,"ERJ-145,CRJ-900,E190,A220-300"
CAN,23.3924,113.2988,NNG,22.608267,108.172442,23.1555,113.2927,23.277,111.9914,23.0002,108.9442,22.8704,108.657,,,,,,,,,,,,,广州-南宁,中国,531.9,"ERJ-145,CRJ-900,E190,A220-300"
CAN,23.3924,113.2988,FOC,25.9351,119.6633,23.6195,113.862,23.7016,114.4379,25.6713,118.5337,25.4944,118.4434,,,,,,,,,,,,,广州-福州,中国,702.4,"ERJ-145,CRJ-900,E190,A220-300"
SZX,22.6393,113.8107,PEK,40.080161,116.584559,25.54978348175169,114.2113423744696,28.459122546606057,114.63194030458196,31.36709483426705,115.07636084808595,34.27343713680984,115.54917698560278,37.17783361014679,116.0558700583699,,,,,,,,,,,深圳-北京,中国,1957.1,"A320-200,B737-800,A321-200,B757-200"
SZX,22.6393,113.8107,PVG,31.143378,121.805214,24.374519686117843,115.31795769198176,26.0944210637549,116.86697553194972,27.797288264404862,118.46199607658345,29.481257667431112,120.10751603837174,,,,,,,,,,,,,深圳-上海,中国,1233.4,"A320-200,B737-800,A321-200,B757-200"
SZX,22.6393,113.8107,CAN,23.3924,113.2988,22.890515718757605,113.64070024400544,23.14155002114145,113.4700701223564,,,,,,,,,,,,,,,,,深圳-广州,中国,98.8,"ERJ-145,CRJ-900,E190,A220-300"
SZX,22.6393,113.8107,CTU,30.5785,103.947,24.279031178145832,111.94360748965514,25.895365411157123,110.02802770815391,27.48584466892328,108.05967774038564,29.04783267681136,106.03416311222291,,,,,,,,,,,,,深圳-成都,中国,1318.2,"A320-200,B737-800,A321-200,B757-200"
SZX,22.6393,113.8107,CKG,29.7192,106.6417,24.441402416787604,112.09773505210237,26.22365749206327,110.33535523496457,27.98375911572917,108.5184657837416,,,,,,,,,,,,,,,深圳-重庆,中国,1063.1,"A320-200,B737-800,A321-200,B757-200"
SZX,22.6393,113.8107,HGH,30.229503,120.434453,24.56438757866129,115.38753686393684,26.472557760851146,117.01335467162878,28.361700963501367,118.69374422237276,,,,,,,,,,,,,,,深圳-杭州,中国,1070.6,"A320-200,B737-800,A321-200,B757-200"
SZX,22.6393,113.8107,XMN,24.544,118.1278,23.2254,114.8455,24.1918,116.7739,,,,,,,,,,,,,,,,,深圳-厦门,中国,488.2,"ERJ-145,CRJ-900,E190,A220-300"
SZX,22.6393,113.8107,SYX,18.3029,109.4125,22.2763,113.8653,21.7423,112.742,19.2391,110.4027,19.2038,109.9797,,,,,,,,,,,,,深圳-三亚,中国,665.0,"ERJ-145,CRJ-900,E190,A220-300"
CTU,30.5785,103.947,HGH,30.229503,120.434453,30.67556727863224,107.2483547280776,30.689058862381884,110.55348828804492,30.61890661292356,113.8566836441135,30.46546421470076,117.15226277651078,,,,,,,,,,,,,成都-杭州,中国,1580.3,"A320-200,B737-800,A321-200,B757-200"
CTU,30.5785,103.947,XIY,34.4471,108.7515,31.88806021385873,105.50298594421405,33.178123486559535,107.10352582980224,,,,,,,,,,,,,,,,,成都-西安,中国,622.7,"ERJ-145,CRJ-900,E190,A220-300"
CTU,30.5785,103.947,KMG,25.1019,102.9292,28.753811248692536,103.5960936237984,26.92824729602218,103.25724724549984,,,,,,,,,,,,,,,,,成都-昆明,中国,617.1,"ERJ-145,CRJ-900,E190,A220-300"
CTU,30.5785,103.947,NKG,31.742,118.862,30.948311528522563,106.89645552232946,31.25067663688279,109.86672381451449,31.48435109770597,112.85389570743408,31.648357164729084,115.85378659182908,,,,,,,,,,,,,成都-南京,中国,1424.0,"A320-200,B737-800,A321-200,B757-200"
CTU,30.5785,103.947,WUH,30.7838,114.2081,30.705503820996448,106.50683669807208,30.782185293752573,109.07208177300438,30.808310652236344,111.64006931558124,,,,,,,,,,,,,,,成都-武汉,中国,981.2,"ERJ-145,CRJ-900,E190,A220-300"
CTU,30.5785,103.947,XMN,24.544,118.1278,30.5888,104.7498,29.5434,106.8947,27.7808,111.3612,25.8123,115.2805,25.4044,116.245,,,,,,,,,,,成都-厦门,中国,1548.8,"A320-200,B737-800,A321-200,B757-200"
CTU,30.5785,103.947,URC,43.907106,87.474244,31.2626,102.9517,33.7034,100.8666,37.6035,96.5607,41.2271,91.4162,42.1725,90.2528,,,,,,,,,,,成都-乌鲁木齐,中国,2071.5,"A320-200,B737-800,A321-200,B757-200"
CTU,30.5785,103.947,SYX,18.3029,109.4125,30.2382,104.3534,27.853,104.9411,20.1851,108.4667,,,,,,,,,,,,,,,成都-三亚,中国,1472.2,"A320-200,B737-800,A321-200,B757-200"
CKG,29.7192,106.6417,HGH,30.229503,120.434453,29.936279909831708,109.38575342357584,30.096305232222488,112.14022316266696,30.19872175747739,114.9020124062439,30.243171966770365,117.66792317674845,,,,,,,,,,,,,重庆-杭州,中国,1329.0,"A320-200,B737-800,A321-200,B757-200"
CKG,29.7192,106.6417,XIY,34.4471,108.7515,31.298988046026665,107.32106953980892,32.87507844135055,108.02358269585515,,,,,,,,,,,,,,,,,重庆-西安,中国,562.0,"ERJ-145,CRJ-900,E190,A220-300"
CKG,29.7192,106.6417,KMG,25.1019,102.9292,28.191194020637248,105.36919015874972,26.65175332089633,104.13268503511244,,,,,,,,,,,,,,,,,重庆-昆明,中国,630.7,"ERJ-145,CRJ-900,E190,A220-300"
CKG,29.7192,106.6417,NKG,31.742,118.862,30.33143983070243,109.64677143609929,30.87415749863168,112.68747985834388,31.345035681801583,115.76050554407831,,,,,,,,,,,,,,,重庆-南京,中国,1188.8,"A320-200,B737-800,A321-200,B757-200"
CKG,29.7192,106.6417,WUH,30.7838,114.2081,30.12226706743917,109.14524019548143,30.477479791567568,111.66807231769104,,,,,,,,,,,,,,,,,重庆-武汉,中国,736.2,"ERJ-145,CRJ-900,E190,A220-300"
CKG,29.7192,106.6417,XMN,24.544,118.1278,29.3519,107.0445,28.7019,109.1759,25.5784,116.5567,,,,,,,,,,,,,,,重庆-厦门,中国,1273.1,"A320-200,B737-800,A321-200,B757-200"
CKG,29.7192,106.6417,SYX,18.3029,109.4125,28.8705,106.5488,27.3443,107.3938,20.3127,108.7321,,,,,,,,,,,,,,,重庆-三亚,中国,1300.1,"A320-200,B737-800,A321-200,B757-200"
CKG,29.7192,106.6417,CSX,28.189158,113.219633,29.24496353025634,108.85594549578116,28.734597456193896,111.0489925875401,,,,,,,,,,,,,,,,,重庆-长沙,中国,662.2,"ERJ-145,CRJ-900,E190,A220-300"
HGH,30.229503,120.434453,CTU,30.5785,103.947,30.46546421470076,117.15226277651078,30.61890661292356,113.8566836441135,30.689058862381884,110.55348828804492,30.675567278632247,107.2483547280776,,,,,,,,,,,,,杭州-成都,中国,1580.3,"A320-200,B737-800,A321-200,B757-200"
HGH,30.229503,120.434453,CKG,29.7192,106.6417,30.24317196677037,117.66792317674845,30.19872175747739,114.9020124062439,30.096305232222488,112.14022316266696,29.936279909831708,109.38575342357584,,,,,,,,,,,,,杭州-重庆,中国,1329.0,"A320-200,B737-800,A321-200,B757-200"
HGH,30.229503,120.434453,XIY,34.4471,108.7515,31.38291519301441,117.6162869846965,32.47319738236462,114.7297555890288,33.496035264204664,111.77469065757045,,,,,,,,,,,,,,,杭州-西安,中国,1192.6,"A320-200,B737-800,A321-200,B757-200"
HGH,30.229503,120.434453,KMG,25.1019,102.9292,29.53391057890984,117.40409903827783,28.77054737725852,114.41688836741992,27.94246646965082,111.47487480932207,27.0528328302259,108.57925945043053,26.104884432721583,105.73066972077558,,,,,,,,,,,杭州-昆明,中国,1813.4,"A320-200,B737-800,A321-200,B757-200"
PEK,40.080161,116.584559,NRT,35.7647,140.3864,39.8961,117.6275,39.5703,121.5764,38.6698,128.6522,36.8295,136.0961,36.6465,136.8468,,,,,,,,,,,北京-东京成田,亚洲,2133.7,"A320-200,B737-800,A321-200,B757-200"
PEK,40.080161,116.584559,HND,35.5494,139.7798,39.789,117.9047,39.795,121.7228,38.6814,128.6491,36.5433,135.1624,36.3713,136.3561,,,,,,,,,,,北京-东京羽田,亚洲,2090.8,"A320-200,B737-800,A321-200,B757-200"
PEK,40.080161,116.584559,KIX,34.427306,135.244139,39.6653,117.4223,39.4733,120.6818,35.49,131.457,35.5935,132.9192,,,,,,,,,,,,,北京-大阪,亚洲,1761.3,"A320-200,B737-800,A321-200,B757-200"
PVG,31.143378,121.805214,NRT,35.7647,140.3864,31.2839,122.446,32.3449,125.2609,33.7464,130.5704,35.0298,136.5601,35.3252,137.2296,,,,,,,,,,,上海-东京成田,亚洲,1795.2,"A320-200,B737-800,A321-200,B757-200"
PVG,31.143378,121.805214,HND,35.5494,139.7798,31.1309,122.6565,31.9465,125.0948,34.7626,135.9944,35.285,136.8628,,,,,,,,,,,,,上海-东京羽田,亚洲,1736.8,"A320-200,B737-800,A321-200,B757-200"
PVG,31.143378,121.805214,KIX,34.427306,135.244139,31.2106,122.2629,32.0589,124.5468,33.7869,133.3938,,,,,,,,,,,,,,,上海-大阪,亚洲,1306.8,"A320-200,B737-800,A321-200,B757-200"
PVG,31.143378,121.805214,NGO,35.2552,136.8049,31.1903,122.4665,31.9465,124.3982,34.4208,133.7041,34.9698,134.5094,,,,,,,,,,,,,上海-名古屋,亚洲,1466.5,"A320-200,B737-800,A321-200,B757-200"
CAN,23.3924,113.2988,NRT,35.7647,140.3864,24.2307,114.5415,26.06,118.1545,30.1276,125.874,33.8725,134.5912,34.2371,135.95,,,,,,,,,,,广州-东京成田,亚洲,2944.5,"A320-200,B737-800,A321-200,B757-200"
CAN,23.3924,113.2988,KIX,34.427306,135.244139,24.0194,114.4494,25.6702,117.2433,29.6135,123.6714,32.3879,130.4757,32.7271,131.5702,,,,,,,,,,,广州-大阪,亚洲,2455.2,"A320-200,B737-800,A321-200,B757-200"
SZX,22.6393,113.8107,NRT,35.7647,140.3864,23.3165,115.1928,25.5699,118.6026,33.8691,134.5988,34.1505,135.9166,,,,,,,,,,,,,深圳-东京成田,亚洲,2949.3,"A320-200,B737-800,A321-200,B757-200"
HGH,30.229503,120.434453,NRT,35.7647,140.3864,30.4679,121.625,31.3924,124.0853,33.4371,130.3455,35.1588,135.9374,35.3887,137.3812,,,,,,,,,,,杭州-东京成田,亚洲,1955.6,"A320-200,B737-800,A321-200,B757-200"
CTU,30.5785,103.947,NRT,35.7647,140.3864,31.3119,105.8697,32.1629,110.5478,34.7321,121.8683,35.4698,132.5947,35.408,134.6295,,,,,,,,,,,成都-东京成田,亚洲,3420.3,"A320-200,B737-800,A330-300,B767-300ER"
PEK,40.080161,116.584559,ICN,37.469075,126.450517,40.0874,117.1781,39.6233,118.855,38.1624,124.8241,,,,,,,,,,,,,,,北京-首尔,亚洲,900.6,"ERJ-145,CRJ-900,E190,A220-300"
PEK,40.080161,116.584559,PUS,35.1795,129.0756,39.7461,117.3398,39.2814,119.2381,35.9808,126.6624,35.952,127.336,,,,,,,,,,,,,北京-釜山,亚洲,1224.5,"A320-200,B737-800,A321-200,B757-200"
PVG,31.143378,121.805214,ICN,37.469075,126.450517,31.4875,122.3146,32.6141,122.6661,36.4992,125.5566,,,,,,,,,,,,,,,上海-首尔,亚洲,820.9,"ERJ-145,CRJ-900,E190,A220-300"
PVG,31.143378,121.805214,GMP,37.5583,126.7906,31.3006,121.8636,32.6577,122.8689,36.8731,126.1579,,,,,,,,,,,,,,,上海-首尔金浦,亚洲,846.9,"ERJ-145,CRJ-900,E190,A220-300"
CAN,23.3924,113.2988,ICN,37.469075,126.450517,23.8483,113.6238,26.5175,115.7392,30.5477,119.2595,34.7331,123.19,35.2794,124.4677,,,,,,,,,,,广州-首尔,亚洲,2004.1,"A320-200,B737-800,A321-200,B757-200"
SZX,22.6393,113.8107,ICN,37.469075,126.450517,23.2303,114.3157,25.5601,115.9008,34.8965,123.4476,35.3039,124.2649,,,,,,,,,,,,,深圳-首尔,亚洲,2043.4,"A320-200,B737-800,A321-200,B757-200"
HGH,30.229503,120.434453,ICN,37.469075,126.450517,30.3921,120.919,31.5082,121.846,35.9936,125.1426,36.539,125.2734,,,,,,,,,,,,,杭州-首尔,亚洲,976.2,"ERJ-145,CRJ-900,E190,A220-300"
CTU,30.5785,103.947,ICN,37.469075,126.450517,31.2152,104.9402,32.0781,108.3474,36.2881,121.3562,36.5618,122.5671,,,,,,,,,,,,,成都-首尔,亚洲,2203.1,"A320-200,B737-800,A321-200,B757-200"
PEK,40.080161,116.584559,SIN,1.3644,103.9915,38.2515,115.9701,34.5139,114.4029,32.1473,113.6044,8.895,106.1844,7.4576,105.7839,3.3773,104.4237,,,,,,,,,北京-新加坡,亚洲,4489.6,"A320-200,B737-800,A330-300,B767-300ER"
PEK,40.080161,116.584559,BKK,13.681108,100.747283,38.5985,115.8618,36.2606,113.4463,35.2064,112.8967,19.1459,103.4531,17.5058,102.7256,14.7555,101.4997,,,,,,,,,北京-曼谷,亚洲,3316.8,"A320-200,B737-800,A330-300,B767-300ER"
PEK,40.080161,116.584559,KUL,2.7456,101.7099,38.3051,115.2982,34.6399,113.5274,32.6778,112.9748,10.3252,104.0068,8.6857,103.342,4.7579,102.5246,,,,,,,,,北京-吉隆坡,亚洲,4414.1,"A320-200,B737-800,A330-300,B767-300ER"
PVG,31.143378,121.805214,SIN,1.3644,103.9915,29.9907,120.6101,25.1071,117.9746,16.1808,111.9808,7.3595,107.1611,5.7356,106.6095,,,,,,,,,,,上海-新加坡,亚洲,3804.9,"A320-200,B737-800,A330-300,B767-300ER"
PVG,31.143378,121.805214,BKK,13.681108,100.747283,30.4319,120.5986,27.9024,117.1857,23.0559,110.5985,17.2453,104.6999,16.3084,103.3896,,,,,,,,,,,上海-曼谷,亚洲,2896.5,"A320-200,B737-800,A321-200,B757-200"
PVG,31.143378,121.805214,KUL,2.7456,101.7099,29.9442,120.517,25.4731,117.1138,16.9801,110.7887,8.5348,105.3278,7.3105,104.2115,,,,,,,,,,,上海-吉隆坡,亚洲,3797.0,"A320-200,B737-800,A330-300,B767-300ER"
CAN,23.3924,113.2988,SIN,1.3644,103.9915,22.3323,112.799,18.9738,111.0866,12.2308,108.7342,5.7891,105.69,4.6869,105.1429,,,,,,,,,,,广州-新加坡,亚洲,2647.0,"A320-200,B737-800,A321-200,B757-200"
CAN,23.3924,113.2988,BKK,13.681108,100.747283,22.8522,112.349,21.3156,110.5108,15.9515,103.0362,15.2418,102.8455,,,,,,,,,,,,,广州-曼谷,亚洲,1705.2,"A320-200,B737-800,A321-200,B757-200"
CAN,23.3924,113.2988,KUL,2.7456,101.7099,22.1377,112.8703,19.0422,110.5258,6.6597,104.1104,5.5934,103.1405,,,,,,,,,,,,,广州-吉隆坡,亚洲,2612.7,"A320-200,B737-800,A321-200,B757-200"
CAN,23.3924,113.2988,MNL,14.508647,121.019581,22.9743,113.8198,21.7015,114.6624,15.6963,119.6938,,,,,,,,,,,,,,,广州-马尼拉,亚洲,1278.0,"A320-200,B737-800,A321-200,B757-200"
CAN,23.3924,113.2988,CGK,6.1256,106.6559,22.6581,112.7225,19.9365,111.7332,9.2954,107.9456,8.6497,107.5074,,,,,,,,,,,,,广州-雅加达,亚洲,2047.4,"A320-200,B737-800,A321-200,B757-200"
SZX,22.6393,113.8107,SIN,1.3644,103.9915,21.3547,113.0984,18.2266,111.6003,5.5305,105.941,4.4799,105.1017,,,,,,,,,,,,,深圳-新加坡,亚洲,2592.7,"A320-200,B737-800,A321-200,B757-200"
SZX,22.6393,113.8107,BKK,13.681108,100.747283,22.1028,113.1216,20.9359,110.8733,18.126,107.354,15.653,103.0566,15.3162,102.6995,,,,,,,,,,,深圳-曼谷,亚洲,1699.5,"A320-200,B737-800,A321-200,B757-200"
CTU,30.5785,103.947,BKK,13.681108,100.747283,29.5872,103.7798,27.4141,102.9725,22.3748,102.3428,16.7745,101.1177,16.5018,101.4835,,,,,,,,,,,成都-曼谷,亚洲,1906.3,"A320-200,B737-800,A321-200,B757-200"
CKG,29.7192,106.6417,BKK,13.681108,100.747283,28.918,106.0262,26.2719,105.6143,16.731,102.11,16.0606,101.751,,,,,,,,,,,,,重庆-曼谷,亚洲,1882.5,"A320-200,B737-800,A321-200,B757-200"
PEK,40.080161,116.584559,HKG,22.308919,113.914603,39.034,116.6144,36.7822,115.9911,31.4754,115.317,25.9206,114.308,24.8167,114.3173,,,,,,,,,,,北京-香港,亚洲,1992.3,"A320-200,B737-800,A321-200,B757-200"
PVG,31.143378,121.805214,HKG,22.308919,113.914603,30.8117,121.472,29.2531,120.1571,24.0426,115.6995,23.5996,115.2226,,,,,,,,,,,,,上海-香港,亚洲,1255.8,"A320-200,B737-800,A321-200,B757-200"
CAN,23.3924,113.2988,HKG,22.308919,113.914603,23.3145,113.3088,23.0103,113.5692,22.6893,113.7435,,,,,,,,,,,,,,,广州-香港,亚洲,136.3,"ERJ-145,CRJ-900,E190,A220-300"
CTU,30.5785,103.947,HKG,22.308919,113.914603,30.459,104.3838,29.2724,106.1746,24.0361,111.9652,23.3641,112.6576,,,,,,,,,,,,,成都-香港,亚洲,1352.0,"A320-200,B737-800,A321-200,B757-200"
PEK,40.080161,116.584559,TPE,25.0777,121.2328,39.2731,117.147,36.9441,117.6834,32.5584,118.8505,27.9585,120.2821,27.5045,120.6029,,,,,,,,,,,北京-台北,亚洲,1722.9,"A320-200,B737-800,A321-200,B757-200"
PVG,31.143378,121.805214,TPE,25.0777,121.2328,31.1294,121.9041,29.7852,121.832,26.0247,121.125,,,,,,,,,,,,,,,上海-台北,亚洲,676.9,"ERJ-145,CRJ-900,E190,A220-300"
CAN,23.3924,113.2988,TPE,25.0777,121.2328,23.241,113.5715,23.6696,114.6091,24.8931,120.2517,,,,,,,,,,,,,,,广州-台北,亚洲,825.9,"ERJ-145,CRJ-900,E190,A220-300"
SZX,22.6393,113.8107,TPE,25.0777,121.2328,22.965,114.1219,22.9358,115.3815,24.5259,119.856,24.8616,119.847,,,,,,,,,,,,,深圳-台北,亚洲,801.8,"ERJ-145,CRJ-900,E190,A220-300"
PEK,40.080161,116.584559,DEL,28.556161,77.100447,40.0279,114.3753,38.6035,107.8054,36.1639,95.1519,32.0962,84.3085,30.7495,82.1037,,,,,,,,,,,北京-德里,亚洲,3811.3,"A320-200,B737-800,A330-300,B767-300ER"
PVG,31.143378,121.805214,DEL,28.556161,77.100447,31.1347,119.3738,32.132,112.7268,31.5885,99.1091,30.4599,85.8371,29.8914,83.7807,,,,,,,,,,,上海-德里,亚洲,4292.4,"A320-200,B737-800,A330-300,B767-300ER"
PEK,40.080161,116.584559,DXB,25.252778,55.364444,40.1834,113.2867,39.9174,106.3627,39.9513,102.8854,36.5092,83.1928,30.8186,65.6807,29.0141,63.1258,26.6988,57.7467,,,,,,,北京-迪拜,亚洲,5846.5,"A320-200,B737-800,A330-300,B767-300ER"
PVG,31.143378,121.805214,DXB,25.252778,55.364444,31.592,118.5939,32.7926,111.5054,33.1473,108.4348,29.348,67.5698,28.3315,64.3136,26.1773,58.6568,,,,,,,,,上海-迪拜,亚洲,6448.6,"A350-900,B777-300ER,B787-9,A380-800"
CAN,23.3924,113.2988,DXB,25.252778,55.364444,23.7915,110.4586,25.2966,105.1466,25.521,102.0835,27.5091,84.5565,26.62,67.0221,26.7322,63.7701,25.9537,58.0287,,,,,,,广州-迪拜,亚洲,5827.1,"A320-200,B737-800,A330-300,B767-300ER"
PEK,40.080161,116.584559,DOH,25.2731,51.608,40.2669,112.7554,40.6832,105.8724,40.1465,101.9865,37.4196,80.8465,31.0074,62.3636,29.2528,59.5702,26.9404,54.0224,,,,,,,北京-多哈,亚洲,6164.0,"A350-900,B777-300ER,B787-9,A380-800"
PVG,31.143378,121.805214,DOH,25.2731,51.608,31.9923,118.124,33.0041,111.3863,33.0046,107.8077,29.2138,64.6821,28.5102,61.3978,26.3189,54.6611,,,,,,,,,上海-多哈,亚洲,6796.3,"A350-900,B777-300ER,B787-9,A380-800"
NRT,35.7647,140.3864,SIN,1.3644,103.9915,34.1113,138.112,31.4326,133.7478,29.8674,131.663,19.2292,120.3553,8.8533,110.185,6.7999,108.9832,2.988,105.6357,,,,,,,东京成田-新加坡,亚洲,5356.6,"A320-200,B737-800,A330-300,B767-300ER"
NRT,35.7647,140.3864,BKK,13.681108,100.747283,34.9533,138.0783,32.4373,131.0998,26.1617,118.9323,18.8514,107.5174,17.6771,105.9204,,,,,,,,,,,东京成田-曼谷,亚洲,4648.1,"A320-200,B737-800,A330-300,B767-300ER"
NRT,35.7647,140.3864,ICN,37.469075,126.450517,35.9782,139.9876,36.1087,137.4376,37.1757,129.4529,37.5649,128.7141,,,,,,,,,,,,,东京成田-首尔,亚洲,1257.7,"A320-200,B737-800,A321-200,B757-200"
ICN,37.469075,126.450517,SIN,1.3644,103.9915,35.732,125.1913,30.4649,120.7529,19.855,113.9297,8.9307,108.0448,7.1813,106.7676,,,,,,,,,,,首尔-新加坡,亚洲,4624.8,"A320-200,B737-800,A330-300,B767-300ER"
ICN,37.469075,126.450517,BKK,13.681108,100.747283,36.3215,124.7146,34.4636,121.7268,33.1788,120.5119,18.5459,105.3993,17.4811,104.2001,14.7832,101.947,,,,,,,,,首尔-曼谷,亚洲,3666.4,"A320-200,B737-800,A330-300,B767-300ER"
HKG,22.308919,113.914603,SIN,1.3644,103.9915,21.3435,113.3388,18.0979,111.7614,11.786,108.692,5.3409,105.6314,4.7274,105.1904,,,,,,,,,,,香港-新加坡,亚洲,2564.3,"A320-200,B737-800,A321-200,B757-200"
HKG,22.308919,113.914603,BKK,13.681108,100.747283,21.8206,113.2824,20.3922,111.0587,18.004,106.9126,15.6022,103.0,15.2442,102.8078,,,,,,,,,,,香港-曼谷,亚洲,1688.8,"A320-200,B737-800,A321-200,B757-200"
HKG,22.308919,113.914603,TPE,25.0777,121.2328,22.6967,114.0572,22.9064,115.2403,24.6137,119.5853,24.6046,120.1359,,,,,,,,,,,,,香港-台北,亚洲,805.7,"ERJ-145,CRJ-900,E190,A220-300"
SIN,1.3644,103.9915,BKK,13.681108,100.747283,2.1083,103.9447,4.0929,103.5872,11.5058,101.5755,11.9068,101.0876,,,,,,,,,,,,,新加坡-曼谷,亚洲,1416.2,"A320-200,B737-800,A321-200,B757-200"
SIN,1.3644,103.9915,KUL,2.7456,101.7099,1.6659,104.0619,1.7295,103.2553,2.3835,102.1841,,,,,,,,,,,,,,,新加坡-吉隆坡,亚洲,296.4,"ERJ-145,CRJ-900,E190,A220-300"
PEK,40.080161,116.584559,LAX,33.942536,-118.408075,43.16,120.7965,49.3207,130.8031,51.5474,136.3181,58.3975,165.9827,56.4127,-160.3066,47.2123,-134.8192,44.2238,-129.9349,37.1072,-122.0663,,,,,北京-洛杉矶,跨太平洋,10036.1,"A350-900,B777-300ER,B787-9,A380-800"
PEK,40.080161,116.584559,SFO,37.6213,-122.379,43.1324,120.4628,48.5677,129.5622,51.2422,134.9457,56.6718,155.0209,58.6161,179.0661,55.9991,-157.8047,49.6205,-139.4444,46.53,-134.8685,40.8153,-126.2777,,,北京-旧金山,跨太平洋,9492.6,"A350-900,B777-300ER,B787-9,A380-800"
PEK,40.080161,116.584559,JFK,40.6413,-73.7781,44.8267,117.6826,54.7598,119.8252,59.6635,121.7311,78.0625,141.8913,78.4689,-100.5489,60.0841,-79.1554,55.0897,-77.6615,45.5575,-74.4712,,,,,北京-纽约肯尼迪,跨太平洋,10978.0,"A350-900,B777-300ER,B787-9,A380-800"
PEK,40.080161,116.584559,ORD,41.978603,-87.904842,44.7144,118.4483,53.5885,123.9503,57.9958,127.2519,69.3157,146.0322,76.2257,-169.1548,70.8842,-120.4342,59.4403,-99.6262,55.2199,-95.8644,46.3995,-90.2175,,,北京-芝加哥,跨太平洋,10562.4,"A350-900,B777-300ER,B787-9,A380-800"
PEK,40.080161,116.584559,SEA,47.449,-122.309306,43.4321,119.618,48.8613,127.1922,51.753,131.6203,57.3371,144.4942,61.7979,161.2499,63.2639,-178.7886,61.5389,-158.5434,57.8736,-142.0155,55.3425,-136.0063,50.5763,-126.6539,北京-西雅图,跨太平洋,8678.2,"A350-900,B777-300ER,B787-9,A380-800"
PEK,40.080161,116.584559,YVR,49.193889,-123.184444,42.8964,119.5707,48.7501,126.8619,51.7785,130.8683,57.7313,143.0688,61.9934,159.691,63.6468,179.0039,62.5965,-160.7822,58.6717,-143.7558,56.8373,-137.4196,52.1451,-127.2138,北京-温哥华,跨太平洋,8491.3,"A350-900,B777-300ER,B787-9,A380-800"
PVG,31.143378,121.805214,LAX,33.942536,-118.408075,34.3761,125.8094,40.2013,135.0805,42.776,140.4498,49.179,158.5299,52.1123,-179.6673,50.1033,-157.4069,45.0459,-138.2386,42.5871,-132.3517,36.8057,-122.6158,,,上海-洛杉矶,跨太平洋,10415.0,"A350-900,B777-300ER,B787-9,A380-800"
PVG,31.143378,121.805214,SFO,37.6213,-122.379,33.9253,125.8542,39.8939,134.1432,42.278,138.895,50.4616,162.5704,52.3214,-169.4398,47.299,-142.6718,45.0628,-136.9662,40.2738,-126.9058,,,,,上海-旧金山,跨太平洋,9876.7,"A350-900,B777-300ER,B787-9,A380-800"
PVG,31.143378,121.805214,JFK,40.6413,-73.7781,36.1059,123.0963,46.7428,126.6086,51.6997,128.9016,66.4627,140.8583,78.5226,-179.6703,74.4672,-107.2328,61.2426,-84.2197,56.1122,-80.6359,46.0404,-75.4566,,,上海-纽约肯尼迪,跨太平洋,11873.4,"A350-900,B777-300ER,B787-9,A380-800"
PVG,31.143378,121.805214,SEA,47.449,-122.309306,34.0726,124.7644,40.2622,131.6589,43.4222,135.449,49.8557,146.9357,54.7057,161.0329,57.5385,178.2911,57.8834,-163.479,55.9432,-145.3953,54.3057,-138.6323,50.058,-127.2783,上海-西雅图,跨太平洋,9187.5,"A350-900,B777-300ER,B787-9,A380-800"
CAN,23.3924,113.2988,LAX,33.942536,-118.408075,27.3898,117.3874,34.6786,126.0248,38.0304,130.9019,48.4512,155.9219,51.9164,-171.9326,46.0017,-140.6797,43.4992,-134.7408,37.254,-123.1311,,,,,广州-洛杉矶,跨太平洋,11618.4,"A350-900,B777-300ER,B787-9,A380-800"
CAN,23.3924,113.2988,SFO,37.6213,-122.379,26.8163,116.7902,34.0922,125.3108,37.5056,129.6616,45.6586,146.6096,51.0894,167.4014,52.1248,-168.1757,48.3993,-145.5463,45.8718,-138.9376,40.9846,-127.6741,,,广州-旧金山,跨太平洋,11080.0,"A350-900,B777-300ER,B787-9,A380-800"
CAN,23.3924,113.2988,YVR,49.193889,-123.184444,27.1678,116.0334,34.3608,122.4463,38.1193,126.1751,51.2442,144.6922,59.0511,173.7849,58.2518,-150.3481,56.4509,-142.5367,51.7914,-128.6095,,,,,广州-温哥华,跨太平洋,10203.0,"A350-900,B777-300ER,B787-9,A380-800"
CTU,30.5785,103.947,LAX,33.942536,-118.408075,34.7577,107.3498,42.6496,116.1533,46.7765,121.0354,58.0249,149.992,59.0162,-169.505,49.5289,-137.2499,45.938,-131.5159,37.869,-122.4515,,,,,成都-洛杉矶,跨太平洋,11576.4,"A350-900,B777-300ER,B787-9,A380-800"
SZX,22.6393,113.8107,LAX,33.942536,-118.408075,26.5106,118.0232,33.6724,126.5074,37.2132,131.522,47.7117,155.8789,51.4397,-172.1244,45.8903,-141.0835,43.3559,-134.7723,37.0352,-123.4876,,,,,深圳-洛杉矶,跨太平洋,11644.8,"A350-900,B777-300ER,B787-9,A380-800"
NRT,35.7647,140.3864,LAX,33.942536,-118.408075,38.107,144.574,41.9008,153.6449,43.0644,158.3944,45.8995,170.8787,47.4251,-175.1427,47.4736,-161.3446,45.3872,-147.9526,41.9119,-135.454,40.0931,-130.9876,36.1696,-122.5822,东京成田-洛杉矶,跨太平洋,8753.8,"A350-900,B777-300ER,B787-9,A380-800"
NRT,35.7647,140.3864,SFO,37.6213,-122.379,37.733,144.1476,41.7447,152.2364,43.2818,157.2388,47.5434,177.4184,48.3453,-160.6765,44.3029,-140.0904,42.7307,-134.9219,39.2769,-126.5762,,,,,东京成田-旧金山,跨太平洋,8227.1,"A350-900,B777-300ER,B787-9,A380-800"
NRT,35.7647,140.3864,JFK,40.6413,-73.7781,40.2551,143.0893,48.4376,149.5737,52.4444,154.1983,66.141,-177.2805,68.7231,-125.7126,56.9544,-90.4109,52.9692,-84.9111,44.8488,-76.6554,,,,,东京成田-纽约肯尼迪,跨太平洋,10830.3,"A350-900,B777-300ER,B787-9,A380-800"
NRT,35.7647,140.3864,ORD,41.978603,-87.904842,39.3272,143.3533,46.701,151.0746,49.6563,156.2287,60.4654,-177.6937,62.9505,-139.1238,55.1449,-106.9933,52.2172,-101.3058,45.6013,-91.7499,,,,,东京成田-芝加哥,跨太平洋,10074.2,"A350-900,B777-300ER,B787-9,A380-800"
NRT,35.7647,140.3864,SEA,47.449,-122.309306,38.33,143.7307,42.5264,150.6129,44.7266,154.0286,53.2319,-176.871,52.9413,-142.0955,51.9363,-136.5555,49.0948,-127.0828,,,,,,,东京成田-西雅图,跨太平洋,7655.9,"A350-900,B777-300ER,B787-9,A380-800"
NRT,35.7647,140.3864,YVR,49.193889,-123.184444,38.1107,143.1954,42.5462,150.2633,44.6322,153.7789,53.9042,-143.5343,53.2651,-137.8916,50.8922,-127.9679,,,,,,,,,东京成田-温哥华,跨太平洋,7503.4,"A350-900,B777-300ER,B787-9,A380-800"
HND,35.5494,139.7798,LAX,33.942536,-118.408075,37.5578,144.0299,41.3568,152.9474,43.1309,157.9295,46.2077,170.4453,47.8345,-175.4734,47.2925,-161.5434,45.2264,-147.9257,42.0856,-135.9095,40.5678,-130.8615,35.9789,-122.5446,东京羽田-洛杉矶,跨太平洋,8812.6,"A350-900,B777-300ER,B787-9,A380-800"
HND,35.5494,139.7798,SFO,37.6213,-122.379,37.4042,143.5414,41.324,151.8831,43.3289,156.6266,47.5025,176.5433,48.2194,-160.939,44.6714,-140.0769,42.9194,-135.0995,39.8166,-126.1791,,,,,东京羽田-旧金山,跨太平洋,8285.6,"A350-900,B777-300ER,B787-9,A380-800"
ICN,37.469075,126.450517,LAX,33.942536,-118.408075,40.4327,130.6344,45.4719,140.0683,47.4687,145.5098,52.115,164.7218,53.4455,-173.9605,50.5388,-153.0444,44.7747,-136.2057,42.4185,-130.8989,36.902,-122.2277,,,首尔-洛杉矶,跨太平洋,9626.8,"A350-900,B777-300ER,B787-9,A380-800"
ICN,37.469075,126.450517,SFO,37.6213,-122.379,40.4118,130.3711,45.2347,139.1092,47.3255,144.6491,52.1388,161.9567,53.8822,-178.1302,51.8542,-157.8528,46.8984,-140.5974,45.3091,-135.4174,40.5164,-126.442,,,首尔-旧金山,跨太平洋,9086.2,"A350-900,B777-300ER,B787-9,A380-800"
ICN,37.469075,126.450517,JFK,40.6413,-73.7781,42.0306,128.0328,51.4762,132.8317,56.345,136.1386,67.1576,147.5876,75.5058,174.4801,77.0931,-133.5361,70.0151,-98.6682,59.6942,-84.7288,54.5393,-80.8425,45.476,-75.5677,首尔-纽约肯尼迪,跨太平洋,11089.8,"A350-900,B777-300ER,B787-9,A380-800"
ICN,37.469075,126.450517,SEA,47.449,-122.309306,39.9871,129.8791,45.7837,137.1759,47.9473,141.2005,56.2159,161.8831,58.9587,-170.2658,55.3627,-142.6247,53.6576,-137.0634,49.5507,-127.0569,,,,,首尔-西雅图,跨太平洋,8374.6,"A350-900,B777-300ER,B787-9,A380-800"
SIN,1.3644,103.9915,LAX,33.942536,-118.408075,5.8129,108.4007,14.7094,117.3815,19.327,122.6843,31.4269,139.0054,40.7843,159.2221,45.6151,-175.7048,44.0799,-148.7139,42.6335,-140.2202,36.9942,-124.8613,,,新加坡-洛杉矶,跨太平洋,14100.6,"A350-900,B777-300ER,B787-9,A380-800"
SIN,1.3644,103.9915,SFO,37.6213,-122.379,6.0069,108.4175,14.7605,116.4458,18.9384,121.1198,34.9741,142.4495,45.5993,171.1513,46.3808,-153.3559,45.0376,-144.5972,40.6751,-129.1937,,,,,新加坡-旧金山,跨太平洋,13580.1,"A350-900,B777-300ER,B787-9,A380-800"
SIN,1.3644,103.9915,JFK,40.6413,-73.7781,8.0316,103.4289,22.0673,103.198,29.109,102.4983,49.5149,101.2876,69.9786,97.249,87.0284,-8.0811,68.1607,-69.4796,61.0903,-71.0546,47.6765,-73.196,41.028389,-73.281229,新加坡-纽约肯尼迪,跨太平洋,15338.8,"A350-900,B777-300ER,B787-9,A380-800"
BKK,13.681108,100.747283,LAX,33.942536,-118.408075,18.4617,104.4143,27.8766,112.7424,31.8244,117.2176,44.1517,134.5707,52.1954,158.6414,53.9829,-171.5763,48.2412,-143.7336,45.2699,-136.4157,37.9035,-123.9309,,,曼谷-洛杉矶,跨太平洋,13291.0,"A350-900,B777-300ER,B787-9,A380-800"
SYD,-33.9461,151.1772,LAX,33.942536,-118.408075,-31.3575,156.7443,-25.227,167.1251,-21.6146,171.6177,-13.2552,-177.9272,-4.3552,-168.2651,4.5169,-159.0634,13.1293,-149.2287,21.9201,-138.4795,24.9059,-133.9556,34.125536,-117.795576,悉尼-洛杉矶,跨太平洋,12061.0,"A350-900,B777-300ER,B787-9,A380-800"
SYD,-33.9461,151.1772,SFO,37.6213,-122.379,-31.0713,156.4384,-24.122,165.9101,-20.6666,169.9422,-5.34,-173.9569,10.3938,-159.0576,25.1236,-143.1093,28.6412,-138.5763,34.7331,-128.0479,,,,,悉尼-旧金山,跨太平洋,11949.5,"A350-900,B777-300ER,B787-9,A380-800"
SYD,-33.9461,151.1772,YVR,49.193889,-123.184444,-30.0955,155.7034,-21.1308,163.7777,-16.9827,167.4238,1.4476,-178.8815,19.0176,-164.997,36.1677,-148.0838,39.4789,-142.7183,46.6863,-130.4476,,,,,悉尼-温哥华,跨太平洋,12501.2,"A350-900,B777-300ER,B787-9,A380-800"
MEL,-37.673333,144.843333,LAX,33.942536,-118.408075,-35.3626,151.1695,-28.9202,162.5356,-25.5042,167.9455,-16.8783,179.4714,-7.495,-170.5038,2.1706,-160.1224,11.1908,-150.1016,20.4897,-139.5954,24.0425,-134.9616,30.6913,-124.1055,墨尔本-洛杉矶,跨太平洋,12757.8,"A350-900,B777-300ER,B787-9,A380-800"
AKL,-37.008056,174.791667,LAX,33.942536,-118.408075,-33.8911,178.916,-27.0425,-173.0083,-23.8659,-169.2993,-12.8306,-159.7082,-1.8177,-151.2498,9.464,-142.4992,20.2956,-133.1795,23.6304,-129.7513,30.65,-122.4805,,,奥克兰-洛杉矶,跨太平洋,10486.9,"A350-900,B777-300ER,B787-9,A380-800"
AKL,-37.008056,174.791667,SFO,37.6213,-122.379,-33.8624,178.5427,-26.2054,-174.0069,-22.6517,-170.6587,-11.1421,-161.9142,0.4118,-154.1111,11.7641,-145.8096,23.4638,-137.1368,26.9164,-133.706,34.4865,-126.6979,,,奥克兰-旧金山,跨太平洋,10509.3,"A350-900,B777-300ER,B787-9,A380-800"
BNE,-27.384167,153.117222,LAX,33.942536,-118.408075,-24.3958,158.0914,-18.7717,167.2211,-15.2702,171.2052,-2.0706,-172.5129,10.9695,-156.4574,23.917,-139.1614,26.5819,-134.2991,31.5246,-124.2496,,,,,布里斯班-洛杉矶,跨太平洋,11533.5,"A350-900,B777-300ER,B787-9,A380-800"
HKG,22.308919,113.914603,LAX,33.942536,-118.408075,26.3053,117.9556,33.4077,126.5972,36.4615,131.5072,45.4526,149.4105,50.4995,171.1668,50.2142,-163.5054,45.6398,-141.369,43.2542,-134.8487,37.4535,-123.4536,,,香港-洛杉矶,跨太平洋,11664.3,"A350-900,B777-300ER,B787-9,A380-800"
HKG,22.308919,113.914603,SFO,37.6213,-122.379,26.1976,117.6217,33.0005,126.0991,36.3089,130.3255,43.0628,142.8332,48.4566,158.5651,51.5729,177.0863,51.3909,-164.0559,48.2216,-145.6473,45.6005,-139.2006,40.4753,-127.4464,香港-旧金山,跨太平洋,11127.5,"A350-900,B777-300ER,B787-9,A380-800"
JFK,40.6413,-73.7781,LHR,51.47,-0.4543,42.2689,-71.3187,45.1037,-65.6469,46.6346,-62.3963,51.9902,-41.0814,53.4103,-16.7863,53.0918,-12.4068,52.2053,-4.1995,,,,,,,纽约肯尼迪-伦敦希思罗,跨大西洋,5540.0,"A320-200,B737-800,A330-300,B767-300ER"
JFK,40.6413,-73.7781,CDG,49.009722,2.547778,42.1515,-71.1911,45.1558,-64.5333,46.0048,-61.579,51.3545,-38.9852,52.044,-13.5861,51.3269,-9.1979,49.6401,-1.5248,,,,,,,纽约肯尼迪-巴黎戴高乐,跨大西洋,5833.5,"A320-200,B737-800,A330-300,B767-300ER"
JFK,40.6413,-73.7781,FRA,50.0379,8.5622,42.151,-70.9121,45.3798,-64.6235,47.0499,-61.1151,53.5965,-8.7396,53.1069,-3.9864,51.1224,4.4604,,,,,,,,,纽约肯尼迪-法兰克福,跨大西洋,6188.5,"A350-900,B777-300ER,B787-9,A380-800"
JFK,40.6413,-73.7781,AMS,52.308613,4.763889,42.3301,-71.242,45.5179,-65.4209,46.9231,-62.2748,53.5833,-39.7408,55.0241,-12.5286,54.5246,-8.2472,52.8763,0.4018,,,,,,,纽约肯尼迪-阿姆斯特丹,跨大西洋,5847.6,"A320-200,B737-800,A330-300,B767-300ER"
JFK,40.6413,-73.7781,MAD,40.471926,-3.5625,41.8665,-70.7925,43.4187,-64.1145,44.4742,-60.3636,46.1008,-38.693,44.1978,-16.7726,43.0576,-13.4729,41.709,-6.4699,,,,,,,纽约肯尼迪-马德里,跨大西洋,5762.1,"A320-200,B737-800,A330-300,B767-300ER"
JFK,40.6413,-73.7781,FCO,41.800278,12.238778,42.1656,-70.1129,45.103,-62.7459,46.4679,-58.6357,49.8909,-31.0263,47.1547,-3.2265,46.1695,0.6493,43.19,8.5134,,,,,,,纽约肯尼迪-罗马,跨大西洋,6865.6,"A350-900,B777-300ER,B787-9,A380-800"
JFK,40.6413,-73.7781,MXP,45.6301,8.7231,42.3374,-70.7654,45.2503,-63.8129,46.7152,-60.1772,51.1971,-34.3238,49.682,-7.0787,49.1083,-3.1803,46.7053,4.6893,,,,,,,纽约肯尼迪-米兰,跨大西洋,6412.3,"A350-900,B777-300ER,B787-9,A380-800"
JFK,40.6413,-73.7781,ZRH,47.4582,8.5481,42.2582,-70.9954,45.3994,-63.865,46.6425,-60.599,50.6125,-44.6933,52.6185,-26.2553,51.4814,-7.7164,50.4401,-3.7603,48.6758,4.3894,,,,,纽约肯尼迪-苏黎世,跨大西洋,6309.6,"A350-900,B777-300ER,B787-9,A380-800"
JFK,40.6413,-73.7781,VIE,48.1103,16.5697,42.463,-70.6427,45.9401,-63.7015,47.9645,-60.1517,52.7998,-0.9477,52.2108,3.7703,49.3835,12.2715,,,,,,,,,纽约肯尼迪-维也纳,跨大西洋,6804.9,"A350-900,B777-300ER,B787-9,A380-800"
JFK,40.6413,-73.7781,ATH,37.9364,23.9445,42.3974,-69.721,46.0969,-61.2179,47.2545,-56.5458,51.3774,-23.6249,45.4522,7.6348,43.6132,11.9733,40.2376,20.0395,,,,,,,纽约肯尼迪-雅典,跨大西洋,7932.3,"A350-900,B777-300ER,B787-9,A380-800"
JFK,40.6413,-73.7781,IST,41.2753,28.7519,42.9266,-69.9438,46.8256,-61.7691,48.578,-56.8274,52.0054,-44.064,53.7941,-30.0834,53.9565,-15.4177,52.4305,-1.2586,49.1358,11.6586,47.7155,16.4441,43.4228,24.9045,纽约肯尼迪-伊斯坦布尔,跨大西洋,8026.6,"A350-900,B777-300ER,B787-9,A380-800"
JFK,40.6413,-73.7781,SVO,55.9726,37.4146,43.3405,-71.3626,48.5607,-65.1621,51.3461,-61.8324,62.9065,14.6596,61.6811,21.2784,57.8688,32.7839,,,,,,,,,纽约肯尼迪-莫斯科,跨大西洋,7480.7,"A350-900,B777-300ER,B787-9,A380-800"
EWR,40.6895,-74.1745,LHR,51.47,-0.4543,41.9995,-71.4624,45.2992,-65.7197,46.7191,-63.0799,53.7778,-16.3645,53.0471,-12.1318,52.4631,-4.4795,,,,,,,,,纽约纽瓦克-伦敦希思罗,跨大西洋,5562.8,"A320-200,B737-800,A330-300,B767-300ER"
EWR,40.6895,-74.1745,CDG,49.009722,2.547778,41.9346,-71.2658,44.928,-64.9426,46.5741,-61.6608,51.5335,-39.2899,51.9122,-13.1358,51.4711,-9.1867,49.728,-1.1533,,,,,,,纽约纽瓦克-巴黎戴高乐,跨大西洋,5857.1,"A320-200,B737-800,A330-300,B767-300ER"
EWR,40.6895,-74.1745,FRA,50.0379,8.5622,42.2117,-71.4076,45.4033,-64.8615,47.0819,-61.6576,53.2484,-37.0831,53.4963,-8.5811,52.6049,-4.1229,51.0243,4.4,,,,,,,纽约纽瓦克-法兰克福,跨大西洋,6210.9,"A350-900,B777-300ER,B787-9,A380-800"
EWR,40.6895,-74.1745,AMS,52.308613,4.763889,42.1388,-71.7579,45.6804,-65.6619,47.2514,-62.3977,53.5724,-39.8501,54.9043,-12.2457,54.6106,-7.7715,53.2457,0.4498,,,,,,,纽约纽瓦克-阿姆斯特丹,跨大西洋,5869.3,"A320-200,B737-800,A330-300,B767-300ER"
LAX,33.942536,-118.408075,LHR,51.47,-0.4543,37.0492,-115.8325,43.2703,-109.0355,46.2499,-105.4581,54.1852,-92.0603,60.0894,-72.5521,62.0551,-48.7193,59.6928,-24.3092,58.2027,-17.6644,53.9165,-5.5779,,,洛杉矶-伦敦希思罗,跨大西洋,8760.2,"A350-900,B777-300ER,B787-9,A380-800"
LAX,33.942536,-118.408075,CDG,49.009722,2.547778,37.1349,-115.2275,43.4601,-108.7797,46.6702,-104.9169,56.9778,-84.2536,62.0877,-53.081,58.4317,-20.1119,56.5501,-13.4381,51.7658,-1.9274,,,,,洛杉矶-巴黎戴高乐,跨大西洋,9102.7,"A350-900,B777-300ER,B787-9,A380-800"
LAX,33.942536,-118.408075,FRA,50.0379,8.5622,37.4453,-115.7266,44.1466,-109.5188,47.7498,-105.597,59.2343,-84.687,64.3286,-50.6854,60.5171,-14.4442,58.7378,-7.5821,52.9321,3.8473,,,,,洛杉矶-法兰克福,跨大西洋,9321.3,"A350-900,B777-300ER,B787-9,A380-800"
LAX,33.942536,-118.408075,AMS,52.308613,4.763889,37.0639,-115.5389,44.0521,-109.6801,47.4276,-106.3826,54.238,-95.9106,59.9089,-81.2961,63.8035,-62.6258,64.1245,-40.4236,61.6648,-19.7494,59.7378,-12.3604,55.1335,-0.1854,洛杉矶-阿姆斯特丹,跨大西洋,8956.1,"A350-900,B777-300ER,B787-9,A380-800"
ORD,41.978603,-87.904842,LHR,51.47,-0.4543,44.1111,-84.7955,47.4339,-78.6394,49.0802,-75.0218,55.67,-48.7231,55.2701,-18.5893,54.9188,-13.9087,52.5337,-4.3733,,,,,,,芝加哥-伦敦希思罗,跨大西洋,6344.7,"A350-900,B777-300ER,B787-9,A380-800"
ORD,41.978603,-87.904842,CDG,49.009722,2.547778,44.1134,-84.6856,47.647,-77.805,48.8958,-74.1058,55.2452,-46.5289,53.6342,-14.9115,52.6914,-10.3869,50.4022,-1.4028,,,,,,,芝加哥-巴黎戴高乐,跨大西洋,6664.7,"A350-900,B777-300ER,B787-9,A380-800"
ORD,41.978603,-87.904842,FRA,50.0379,8.5622,44.1573,-84.5006,47.9521,-77.5326,50.0314,-73.7919,56.8921,-44.5057,55.4166,-10.1559,54.5588,-5.1387,51.5367,4.1196,,,,,,,芝加哥-法兰克福,跨大西洋,6970.8,"A350-900,B777-300ER,B787-9,A380-800"
ORD,41.978603,-87.904842,AMS,52.308613,4.763889,44.0601,-85.1736,47.7982,-78.4298,49.9648,-74.6256,55.2914,-57.5168,58.1097,-36.2624,56.8817,-14.1504,56.097,-9.258,53.6005,0.7278,,,,,芝加哥-阿姆斯特丹,跨大西洋,6612.5,"A350-900,B777-300ER,B787-9,A380-800"
SFO,37.6213,-122.379,LHR,51.47,-0.4543,40.8944,-119.3243,47.1848,-113.1718,50.0576,-109.4192,58.0116,-95.0084,62.9978,-73.4095,64.5913,-46.8777,61.1499,-22.4609,59.2956,-15.8168,53.9498,-5.2804,,,旧金山-伦敦希思罗,跨大西洋,8616.4,"A350-900,B777-300ER,B787-9,A380-800"
SFO,37.6213,-122.379,CDG,49.009722,2.547778,41.0039,-119.28,47.3139,-112.5873,50.7007,-108.9354,60.6087,-86.1014,64.1269,-51.5251,59.3191,-18.4041,57.3691,-12.4862,51.6866,-1.5397,49.044428,3.369021,,,旧金山-巴黎戴高乐,跨大西洋,8962.3,"A350-900,B777-300ER,B787-9,A380-800"
SFO,37.6213,-122.379,FRA,50.0379,8.5622,41.0505,-119.5819,48.1269,-113.3869,51.1722,-109.5586,58.3339,-97.818,64.3992,-80.5688,67.1912,-57.3248,66.2504,-32.8048,61.7088,-12.5386,58.9902,-6.0901,53.2171,4.6446,旧金山-法兰克福,跨大西洋,9147.9,"A350-900,B777-300ER,B787-9,A380-800"
SFO,37.6213,-122.379,AMS,52.308613,4.763889,40.8203,-119.483,47.7131,-113.9725,50.8143,-110.1643,59.2425,-95.4767,65.5794,-73.2096,66.5693,-44.4037,62.4466,-17.4542,60.7392,-10.5676,55.0247,0.1765,,,旧金山-阿姆斯特丹,跨大西洋,8785.5,"A350-900,B777-300ER,B787-9,A380-800"
ATL,33.636719,-84.428067,LHR,51.47,-0.4543,36.0109,-81.9526,39.7032,-76.1655,41.8506,-72.9751,53.691,-20.4157,53.3875,-15.2668,52.55,-5.3586,,,,,,,,,亚特兰大-伦敦希思罗,跨大西洋,6760.9,"A350-900,B777-300ER,B787-9,A380-800"
ATL,33.636719,-84.428067,CDG,49.009722,2.547778,35.6899,-81.8573,39.7465,-75.6433,41.4328,-72.0662,52.2025,-16.9168,51.3947,-12.0322,49.8949,-2.0508,,,,,,,,,亚特兰大-巴黎戴高乐,跨大西洋,7055.4,"A350-900,B777-300ER,B787-9,A380-800"
ATL,33.636719,-84.428067,AMS,52.308613,4.763889,35.8715,-81.5621,40.0626,-75.7142,42.47,-72.6462,52.48,-48.369,55.4716,-16.0993,55.0085,-10.8869,53.3925,-0.4408,,,,,,,亚特兰大-阿姆斯特丹,跨大西洋,7065.6,"A350-900,B777-300ER,B787-9,A380-800"
BOS,42.365855,-71.009624,LHR,51.47,-0.4543,43.9272,-68.5783,46.2897,-62.6478,47.3972,-59.5778,52.4274,-39.3889,53.5667,-15.3845,53.0286,-11.4586,52.4214,-4.0606,,,,,,,波士顿-伦敦希思罗,跨大西洋,5240.4,"A320-200,B737-800,A330-300,B767-300ER"
MIA,25.7959,-80.287,LHR,51.47,-0.4543,28.4069,-77.9849,32.6406,-72.4473,34.5839,-69.8071,45.6924,-49.1668,51.4848,-21.371,52.3018,-15.8375,52.1184,-5.3165,,,,,,,迈阿密-伦敦希思罗,跨大西洋,7109.0,"A350-900,B777-300ER,B787-9,A380-800"
MIA,25.7959,-80.287,MAD,40.471926,-3.5625,27.8275,-77.4773,30.6348,-71.2032,32.6465,-67.6647,41.9183,-20.1868,41.6994,-15.9931,41.3171,-7.9269,,,,,,,,,迈阿密-马德里,跨大西洋,7106.8,"A350-900,B777-300ER,B787-9,A380-800"
IAH,29.984433,-95.341442,LHR,51.47,-0.4543,32.9402,-102.3368,38.6263,-95.8545,41.3881,-92.23,48.5637,-80.4462,53.7449,-64.7337,56.8625,-45.013,56.9124,-24.6454,55.5609,-18.2852,53.4607,-6.0945,,,休斯顿-伦敦希思罗,跨大西洋,8351.9,"A350-900,B777-300ER,B787-9,A380-800"
DEN,39.861656,-104.673178,LHR,51.47,-0.4543,42.305,-101.8211,47.2409,-94.8432,49.6274,-91.1694,58.1461,-21.394,56.6052,-15.5493,53.2241,-5.2754,,,,,,,,,丹佛-伦敦希思罗,跨大西洋,7497.4,"A350-900,B777-300ER,B787-9,A380-800"
YYZ,43.677223,-79.630556,LHR,51.47,-0.4543,45.0662,-76.6727,48.2834,-70.7821,49.1917,-66.9956,54.9152,-43.6336,54.72,-16.9776,54.2447,-12.2668,52.7654,-4.0351,,,,,,,多伦多-伦敦希思罗,跨大西洋,5707.2,"A320-200,B737-800,A330-300,B767-300ER"
YYZ,43.677223,-79.630556,CDG,49.009722,2.547778,45.2695,-76.2778,48.1438,-69.9811,49.5423,-66.2771,52.8879,-13.5386,52.2851,-9.4809,50.1143,-0.9723,,,,,,,,,多伦多-巴黎戴高乐,跨大西洋,6019.5,"A350-900,B777-300ER,B787-9,A380-800"
YVR,49.193889,-123.184444,LHR,51.47,-0.4543,52.2402,-119.8766,57.4634,-112.4902,59.5625,-107.7956,67.0397,-81.6666,67.7461,-46.2573,61.202,-17.5217,58.9519,-12.3518,54.2272,-4.1067,,,,,温哥华-伦敦希思罗,跨大西洋,7578.6,"A350-900,B777-300ER,B787-9,A380-800"
YUL,45.470556,-73.740833,CDG,49.009722,2.547778,46.6881,-70.5411,48.9024,-64.1175,50.2377,-60.6908,53.7638,-37.1215,52.3726,-11.915,51.9932,-8.4049,50.2099,-0.9629,,,,,,,蒙特利尔-巴黎戴高乐,跨大西洋,5524.1,"A320-200,B737-800,A330-300,B767-300ER"
PEK,40.080161,116.584559,LHR,51.47,-0.4543,43.1194,113.6227,48.5228,106.8941,51.1356,102.8003,57.1336,91.7655,61.2996,76.5615,63.3148,57.819,63.1425,38.1352,60.1323,21.0631,58.531,14.5017,53.78,3.8253,北京-伦敦希思罗,亚欧,8153.9,"A350-900,B777-300ER,B787-9,A380-800"
PEK,40.080161,116.584559,CDG,49.009722,2.547778,43.1145,113.6694,48.4407,106.5049,50.6622,102.2728,58.9259,80.3046,61.4739,51.2849,57.3367,22.6126,55.6261,16.914,51.6023,6.7605,,,,,北京-巴黎戴高乐,亚欧,8190.1,"A350-900,B777-300ER,B787-9,A380-800"
PEK,40.080161,116.584559,FRA,50.0379,8.5622,42.5843,113.3555,47.3798,106.6111,50.0023,102.2243,57.3932,82.4732,59.8919,55.2663,57.4763,28.8236,55.6639,22.9041,52.0544,12.8335,,,,,北京-法兰克福,亚欧,7788.5,"A350-900,B777-300ER,B787-9,A380-800"
PEK,40.080161,116.584559,AMS,52.308613,4.763889,42.8305,113.5959,48.0468,107.2012,50.3807,103.1643,60.1342,26.2248,58.2782,20.1489,54.7577,9.4108,,,,,,,,,北京-阿姆斯特丹,亚欧,7827.7,"A350-900,B777-300ER,B787-9,A380-800"
PEK,40.080161,116.584559,MAD,40.471926,-3.5625,42.8298,113.0571,48.9463,103.8563,51.1909,99.2086,58.621,72.7607,58.4885,40.8719,51.8411,14.0512,49.2453,9.1928,43.5893,0.2713,,,,,北京-马德里,亚欧,9206.4,"A350-900,B777-300ER,B787-9,A380-800"
PEK,40.080161,116.584559,FCO,41.800278,12.238778,42.4619,112.6643,46.9583,104.7118,48.7546,99.9196,53.8989,77.8513,54.3906,52.5478,49.8017,29.8796,48.2761,25.1524,43.9379,16.476,,,,,北京-罗马,亚欧,8148.7,"A350-900,B777-300ER,B787-9,A380-800"
PEK,40.080161,116.584559,SVO,55.9726,37.4146,41.9274,114.1971,45.2517,108.7366,47.297,105.9764,55.0666,84.1931,57.9813,56.5136,57.6081,51.5013,56.6488,42.1517,,,,,,,北京-莫斯科,亚欧,5796.2,"A320-200,B737-800,A330-300,B767-300ER"
PEK,40.080161,116.584559,IST,41.2753,28.7519,41.9602,113.1182,44.848,105.5608,46.1193,101.4903,47.0273,44.4545,45.5685,40.6688,43.118,32.2761,,,,,,,,,北京-伊斯坦布尔,亚欧,7060.2,"A350-900,B777-300ER,B787-9,A380-800"
PVG,31.143378,121.805214,LHR,51.47,-0.4543,34.7706,119.344,41.1319,113.1031,44.7358,109.4647,55.949,90.3752,62.7882,59.7675,60.7941,24.4718,59.0538,17.0429,54.0912,4.5026,,,,,上海-伦敦希思罗,亚欧,9241.2,"A350-900,B777-300ER,B787-9,A380-800"
PVG,31.143378,121.805214,CDG,49.009722,2.547778,34.7349,118.8692,40.9287,112.3519,44.1376,108.3624,54.835,88.6361,60.1368,59.2257,58.0983,26.5269,55.8896,19.456,51.4925,7.7788,,,,,上海-巴黎戴高乐,亚欧,9266.9,"A350-900,B777-300ER,B787-9,A380-800"
PVG,31.143378,121.805214,FRA,50.0379,8.5622,34.2749,118.6596,40.5672,112.2683,43.5123,108.9999,51.0843,95.4886,56.6611,77.2354,58.9002,55.4887,57.4025,32.7994,56.3267,25.6138,52.5451,14.0578,,,上海-法兰克福,亚欧,8858.0,"A350-900,B777-300ER,B787-9,A380-800"
PVG,31.143378,121.805214,AMS,52.308613,4.763889,34.5913,118.9729,40.8698,113.3209,43.7084,109.5711,54.4803,91.3881,61.3299,63.1302,60.1912,30.4747,58.7667,22.7567,54.8323,9.9604,,,,,上海-阿姆斯特丹,亚欧,8910.2,"A350-900,B777-300ER,B787-9,A380-800"
PVG,31.143378,121.805214,FCO,41.800278,12.238778,34.0128,118.5027,39.5633,110.5009,42.141,105.8541,49.6954,84.9488,52.8856,59.0359,49.5412,33.0516,47.829,27.4619,44.3502,16.9854,,,,,上海-罗马,亚欧,9170.4,"A350-900,B777-300ER,B787-9,A380-800"
CAN,23.3924,113.2988,LHR,51.47,-0.4543,26.9846,110.332,33.4893,104.4875,36.9933,101.4671,44.0048,91.5887,50.539,79.8779,55.8204,64.6178,57.8431,46.4438,57.5078,27.1844,56.6065,19.8181,53.574,5.6554,广州-伦敦希思罗,亚欧,9495.4,"A350-900,B777-300ER,B787-9,A380-800"
CAN,23.3924,113.2988,CDG,49.009722,2.547778,26.4591,110.3158,33.4358,104.0224,36.3161,100.6904,44.8308,87.6169,51.6087,71.2192,55.1904,50.8671,55.0718,28.3382,54.1988,21.4619,50.8965,8.3483,,,广州-巴黎戴高乐,亚欧,9456.5,"A350-900,B777-300ER,B787-9,A380-800"
CAN,23.3924,113.2988,AMS,52.308613,4.763889,26.4991,110.67,33.3309,104.7875,36.5508,101.3398,43.3545,92.1692,49.393,81.0268,53.9738,67.1365,56.835,50.4494,57.3642,32.2037,56.5076,24.5125,54.0001,10.703,广州-阿姆斯特丹,亚欧,9139.4,"A350-900,B777-300ER,B787-9,A380-800"
DXB,25.252778,55.364444,LHR,51.47,-0.4543,27.3305,53.5635,30.8746,49.3362,32.4463,47.6182,41.4252,33.2491,48.9022,14.2389,49.4599,10.9032,50.7142,3.6517,,,,,,,迪拜-伦敦希思罗,亚欧,5497.4,"A320-200,B737-800,A330-300,B767-300ER"
DXB,25.252778,55.364444,CDG,49.009722,2.547778,26.7912,53.6623,29.8956,49.7289,31.6762,47.2034,37.4534,38.7203,42.579,27.8562,46.5769,16.1147,47.0807,12.5313,48.6444,5.7532,,,,,迪拜-巴黎戴高乐,亚欧,5238.8,"A320-200,B737-800,A330-300,B767-300ER"
DXB,25.252778,55.364444,FRA,50.0379,8.5622,26.9266,53.9669,31.6693,48.6221,40.1691,36.3868,46.6101,21.0872,47.6254,17.6957,,,,,,,,,,,迪拜-法兰克福,亚欧,4844.0,"A320-200,B737-800,A330-300,B767-300ER"
DXB,25.252778,55.364444,AMS,52.308613,4.763889,27.0043,53.7608,30.4488,50.367,32.3786,48.0065,38.6356,40.2383,44.5265,30.3552,49.2796,18.6993,49.8671,15.2523,51.6767,8.6375,,,,,迪拜-阿姆斯特丹,亚欧,5168.5,"A320-200,B737-800,A330-300,B767-300ER"
DOH,25.2731,51.608,LHR,51.47,-0.4543,26.7745,49.8212,30.547,46.3309,32.1383,44.4075,48.4722,13.51,49.4504,10.387,50.6337,3.1741,,,,,,,,,多哈-伦敦希思罗,亚欧,5240.9,"A320-200,B737-800,A330-300,B767-300ER"
DOH,25.2731,51.608,CDG,49.009722,2.547778,26.7683,49.5442,31.5577,44.4426,39.8396,31.1084,46.0607,15.2625,47.1479,12.2418,,,,,,,,,,,多哈-巴黎戴高乐,亚欧,4969.2,"A320-200,B737-800,A330-300,B767-300ER"
DOH,25.2731,51.608,FRA,50.0379,8.5622,26.7788,50.195,31.3924,45.2209,39.5431,34.0234,46.5041,19.7142,47.4215,17.1411,,,,,,,,,,,多哈-法兰克福,亚欧,4588.3,"A320-200,B737-800,A330-300,B767-300ER"
SIN,1.3644,103.9915,LHR,51.47,-0.4543,5.2593,101.0525,12.7617,95.003,16.8636,91.5068,31.2159,77.2627,43.6679,57.8047,51.3942,31.387,52.1761,23.3999,52.2654,7.385,,,,,新加坡-伦敦希思罗,亚欧,10881.4,"A350-900,B777-300ER,B787-9,A380-800"
SIN,1.3644,103.9915,CDG,49.009722,2.547778,5.0724,100.6681,12.1914,94.3505,15.9116,91.3809,24.1245,82.8615,32.0879,72.8803,39.0808,61.6924,44.9168,47.9366,48.4824,31.6755,49.387,24.5536,49.6978,10.0693,新加坡-巴黎戴高乐,亚欧,10723.4,"A350-900,B777-300ER,B787-9,A380-800"
SIN,1.3644,103.9915,FRA,50.0379,8.5622,5.0721,101.1048,12.1508,95.2234,15.6296,91.7496,28.8722,77.7167,40.1954,60.5127,48.0038,36.5335,49.5497,29.788,50.3469,15.655,,,,,新加坡-法兰克福,亚欧,10278.4,"A350-900,B777-300ER,B787-9,A380-800"
HKG,22.308919,113.914603,LHR,51.47,-0.4543,25.693,111.4174,32.8149,105.2096,36.3216,101.8397,47.8819,85.2381,56.6518,59.5982,57.9947,27.7294,56.9233,19.6378,53.6067,5.7062,,,,,香港-伦敦希思罗,亚欧,9630.7,"A350-900,B777-300ER,B787-9,A380-800"
DEL,28.556161,77.100447,LHR,51.47,-0.4543,30.7977,74.5301,34.8861,69.1068,36.6028,66.3888,43.752,53.9343,49.1987,37.6761,51.7386,19.4178,51.932,14.1978,51.636,4.5657,,,,,德里-伦敦希思罗,亚欧,6731.4,"A350-900,B777-300ER,B787-9,A380-800"
BOM,19.088686,72.867919,LHR,51.47,-0.4543,21.4596,70.3431,26.3011,65.8775,28.8396,63.2868,37.3499,51.3906,44.4667,37.4404,49.2735,19.58,50.5983,14.8551,51.4831,4.8808,,,,,孟买-伦敦希思罗,亚欧,7212.3,"A350-900,B777-300ER,B787-9,A380-800"
NRT,35.7647,140.3864,LHR,51.47,-0.4543,39.6743,138.4379,47.4513,133.0955,51.4318,129.3953,61.7027,115.995,69.4632,90.415,71.1975,51.4987,65.0162,20.5371,61.8823,13.7813,55.2172,3.4804,,,东京成田-伦敦希思罗,亚欧,9591.3,"A350-900,B777-300ER,B787-9,A380-800"
JFK,40.6413,-73.7781,LAX,33.942536,-118.408075,40.9589,-75.9085,40.825,-83.1577,39.3789,-97.1845,36.7887,-109.9813,35.7639,-112.1864,,,,,,,,,,,纽约肯尼迪-洛杉矶,美国,3974.3,"A320-200,B737-800,A330-300,B767-300ER"
JFK,40.6413,-73.7781,SFO,37.6213,-122.379,41.0321,-76.3724,41.2752,-81.3281,41.5817,-83.4812,40.0684,-113.4999,39.3457,-115.5501,38.5169,-120.3222,,,,,,,,,纽约肯尼迪-旧金山,美国,4152.1,"A320-200,B737-800,A330-300,B767-300ER"
JFK,40.6413,-73.7781,ORD,41.978603,-87.904842,40.9307,-74.3101,41.246,-76.6673,42.1754,-85.8846,,,,,,,,,,,,,,,纽约肯尼迪-芝加哥,美国,1188.1,"A320-200,B737-800,A321-200,B757-200"
JFK,40.6413,-73.7781,MIA,25.7959,-80.287,40.0621,-74.031,37.9338,-75.2879,33.2799,-77.0811,28.6634,-79.425,27.7459,-79.6191,,,,,,,,,,,纽约肯尼迪-迈阿密,美国,1756.9,"A320-200,B737-800,A321-200,B757-200"
JFK,40.6413,-73.7781,ATL,33.636719,-84.428067,40.2352,-74.5619,39.3641,-75.8511,34.7132,-83.1848,,,,,,,,,,,,,,,纽约肯尼迪-亚特兰大,美国,1221.9,"A320-200,B737-800,A321-200,B757-200"
LAX,33.942536,-118.408075,SFO,37.6213,-122.379,33.8972,-118.4883,34.5219,-119.2347,37.2978,-121.6105,,,,,,,,,,,,,,,洛杉矶-旧金山,美国,543.7,"ERJ-145,CRJ-900,E190,A220-300"
LAX,33.942536,-118.408075,LAS,36.080056,-115.152222,34.1982,-118.1778,34.1379,-117.717,35.7625,-115.9246,,,,,,,,,,,,,,,洛杉矶-拉斯维加斯,美国,380.2,"ERJ-145,CRJ-900,E190,A220-300"
LAX,33.942536,-118.408075,SEA,47.449,-122.309306,34.5664,-118.7603,36.8375,-118.8214,44.7428,-121.156,45.5089,-121.7807,,,,,,,,,,,,,洛杉矶-西雅图,美国,1537.1,"A320-200,B737-800,A321-200,B757-200"
LAX,33.942536,-118.408075,ORD,41.978603,-87.904842,34.7883,-117.1833,36.3889,-112.6008,41.1781,-94.3283,41.538,-92.9062,,,,,,,,,,,,,洛杉矶-芝加哥,美国,2801.9,"A320-200,B737-800,A321-200,B757-200"
SFO,37.6213,-122.379,SEA,47.449,-122.309306,38.1988,-122.0813,39.6064,-122.6182,45.3881,-122.6224,45.9958,-122.3928,,,,,,,,,,,,,旧金山-西雅图,美国,1092.9,"A320-200,B737-800,A321-200,B757-200"
SFO,37.6213,-122.379,LAS,36.080056,-115.152222,37.3528,-122.1228,37.57,-120.9089,36.4031,-116.4075,,,,,,,,,,,,,,,旧金山-拉斯维加斯,美国,665.0,"ERJ-145,CRJ-900,E190,A220-300"
ORD,41.978603,-87.904842,ATL,33.636719,-84.428067,41.5924,-87.6946,40.06,-87.0808,35.1343,-85.288,35.1932,-85.1074,,,,,,,,,,,,,芝加哥-亚特兰大,美国,975.5,"ERJ-145,CRJ-900,E190,A220-300"
ORD,41.978603,-87.904842,DEN,39.861656,-104.673178,41.7976,-88.4994,41.8844,-91.6315,40.6169,-101.9884,,,,,,,,,,,,,,,芝加哥-丹佛,美国,1426.0,"A320-200,B737-800,A321-200,B757-200"
ATL,33.636719,-84.428067,MIA,25.7959,-80.287,33.0269,-84.4184,32.1356,-83.3473,27.2362,-80.7187,,,,,,,,,,,,,,,亚特兰大-迈阿密,美国,959.3,"ERJ-145,CRJ-900,E190,A220-300"
DFW,32.896828,-97.037997,LAX,33.942536,-118.408075,33.0834,-98.3209,33.5131,-101.0214,34.1341,-114.1039,34.0921,-114.986,,,,,,,,,,,,,达拉斯-洛杉矶,美国,1983.0,"A320-200,B737-800,A321-200,B757-200"
DFW,32.896828,-97.037997,ORD,41.978603,-87.904842,33.2888,-96.4218,34.8692,-95.603,40.3912,-90.0107,40.5987,-89.3826,,,,,,,,,,,,,达拉斯-芝加哥,美国,1290.0,"A320-200,B737-800,A321-200,B757-200"
PHX,33.434278,-112.011583,LAX,33.942536,-118.408075,33.2741,-112.4713,33.2737,-113.5456,33.6868,-117.1167,33.8057,-117.4661,,,,,,,,,,,,,凤凰城-洛杉矶,美国,594.6,"ERJ-145,CRJ-900,E190,A220-300"
DEN,39.861656,-104.673178,LAX,33.942536,-118.408075,39.3747,-105.6783,38.7768,-107.7736,35.0856,-116.7569,,,,,,,,,,,,,,,丹佛-洛杉矶,美国,1384.9,"A320-200,B737-800,A321-200,B757-200"
SEA,47.449,-122.309306,SAN,32.7336,-117.1897,46.5669,-122.236,44.5799,-120.9123,35.8829,-118.2918,35.2422,-117.6755,,,,,,,,,,,,,西雅图-圣地亚哥,美国,1692.4,"A320-200,B737-800,A321-200,B757-200"
BOS,42.365855,-71.009624,SFO,37.6213,-122.379,42.8315,-73.7106,43.5777,-81.4416,43.0403,-97.7774,40.4503,-112.9721,39.6543,-115.1615,,,,,,,,,,,波士顿-旧金山,美国,4341.1,"A320-200,B737-800,A330-300,B767-300ER"
LHR,51.47,-0.4543,CDG,49.009722,2.547778,51.5983,-0.4629,51.0092,0.3252,49.2829,1.9865,,,,,,,,,,,,,,,伦敦希思罗-巴黎戴高乐,欧洲,347.0,"ERJ-145,CRJ-900,E190,A220-300"
LHR,51.47,-0.4543,FRA,50.0379,8.5622,51.5919,0.2664,51.1804,1.4232,50.0031,7.0514,,,,,,,,,,,,,,,伦敦希思罗-法兰克福,欧洲,653.5,"ERJ-145,CRJ-900,E190,A220-300"
LHR,51.47,-0.4543,AMS,52.308613,4.763889,51.3803,0.0401,51.8105,0.3795,52.3718,3.9699,,,,,,,,,,,,,,,伦敦希思罗-阿姆斯特丹,欧洲,370.3,"ERJ-145,CRJ-900,E190,A220-300"
LHR,51.47,-0.4543,MAD,40.471926,-3.5625,50.6958,-0.5814,49.5307,-1.1404,42.1539,-3.0633,,,,,,,,,,,,,,,伦敦希思罗-马德里,欧洲,1246.0,"A320-200,B737-800,A321-200,B757-200"
LHR,51.47,-0.4543,FCO,41.800278,12.238778,51.2732,0.5221,49.6813,2.4773,43.1637,10.7526,,,,,,,,,,,,,,,伦敦希思罗-罗马,欧洲,1443.5,"A320-200,B737-800,A321-200,B757-200"
CDG,49.009722,2.547778,FRA,50.0379,8.5622,49.0627,4.5797,49.5816,6.9112,,,,,,,,,,,,,,,,,巴黎戴高乐-法兰克福,欧洲,448.8,"ERJ-145,CRJ-900,E190,A220-300"
CDG,49.009722,2.547778,AMS,52.308613,4.763889,49.0795,2.4065,49.7928,3.0929,51.6318,4.5218,,,,,,,,,,,,,,,巴黎戴高乐-阿姆斯特丹,欧洲,399.0,"ERJ-145,CRJ-900,E190,A220-300"
CDG,49.009722,2.547778,BCN,41.297445,2.078369,48.3328,2.743,47.4708,2.4172,43.0596,2.1119,42.5786,2.1332,,,,,,,,,,,,,巴黎戴高乐-巴塞罗那,欧洲,858.3,"ERJ-145,CRJ-900,E190,A220-300"
FRA,50.0379,8.5622,MXP,45.6301,8.7231,50.08,8.5129,48.9682,8.6534,46.2364,8.4501,,,,,,,,,,,,,,,法兰克福-米兰,欧洲,490.3,"ERJ-145,CRJ-900,E190,A220-300"
AMS,52.308613,4.763889,BCN,41.297445,2.078369,51.9648,4.6196,49.888,4.4329,43.661,2.4256,42.6665,2.6974,,,,,,,,,,,,,阿姆斯特丹-巴塞罗那,欧洲,1241.3,"A320-200,B737-800,A321-200,B757-200"
MAD,40.471926,-3.5625,FCO,41.800278,12.238778,40.3842,-2.8505,41.1594,-0.7514,41.5519,9.1809,41.9397,9.7167,,,,,,,,,,,,,马德里-罗马,欧洲,1329.6,"A320-200,B737-800,A321-200,B757-200"
IST,41.2753,28.7519,LHR,51.47,-0.4543,42.2032,27.3021,43.8285,23.8056,47.0762,15.8118,49.8408,6.2829,50.3116,4.4733,,,,,,,,,,,伊斯坦布尔-伦敦希思罗,欧洲,2488.3,"A320-200,B737-800,A321-200,B757-200"
SVO,55.9726,37.4146,LHR,51.47,-0.4543,55.8239,35.5158,56.3225,29.2825,55.0038,17.6443,53.2797,6.5841,52.6038,4.4146,,,,,,,,,,,莫斯科-伦敦希思罗,欧洲,2508.1,"A320-200,B737-800,A321-200,B757-200"
ATH,37.9364,23.9445,CDG,49.009722,2.547778,38.4282,23.1539,40.7348,20.0076,46.8477,7.6306,47.4918,6.404,,,,,,,,,,,,,雅典-巴黎戴高乐,欧洲,2108.6,"A320-200,B737-800,A321-200,B757-200"
VIE,48.1103,16.5697,LHR,51.47,-0.4543,48.523,15.5617,49.1786,13.0678,50.9476,2.2058,,,,,,,,,,,,,,,维也纳-伦敦希思罗,欧洲,1274.5,"A320-200,B737-800,A321-200,B757-200"
GRU,-23.432075,-46.469511,JFK,40.6413,-73.7781,-20.3693,-47.6381,-13.9393,-50.2983,-10.5832,-51.6896,2.3693,-56.6397,15.0459,-61.4012,27.9419,-66.5755,31.5102,-68.546,37.7654,-72.0743,,,,,圣保罗-纽约肯尼迪,其他,7664.1,"A350-900,B777-300ER,B787-9,A380-800"
GRU,-23.432075,-46.469511,LHR,51.47,-0.4543,-19.8172,-44.1866,-12.019,-40.6118,-8.159,-38.9115,0.9233,-34.4897,10.619,-30.2508,19.7194,-25.5488,29.0507,-20.4,37.6868,-14.5944,41.2275,-11.7901,48.4079,-4.8627,圣保罗-伦敦希思罗,其他,9460.5,"A350-900,B777-300ER,B787-9,A380-800"
GRU,-23.432075,-46.469511,CDG,49.009722,2.547778,-19.7276,-44.2721,-12.4959,-40.3314,-8.3661,-37.811,0.7039,-33.5388,9.4055,-29.0094,18.4516,-23.6829,27.5261,-18.6121,35.6597,-11.6974,39.4266,-8.6943,45.85,-1.4105,圣保罗-巴黎戴高乐,其他,9404.9,"A350-900,B777-300ER,B787-9,A380-800"
EZE,-34.8222,-58.5358,MAD,40.471926,-3.5625,-31.3857,-55.2419,-23.7058,-49.5562,-19.7483,-46.5374,-8.4139,-38.9728,3.2504,-32.4237,15.0904,-24.9972,26.1509,-16.9973,29.8473,-13.9308,37.2656,-7.1978,,,布宜诺斯艾利斯-马德里,其他,10085.3,"A350-900,B777-300ER,B787-9,A380-800"
SCL,-33.393,-70.7858,LAX,33.942536,-118.408075,-30.2627,-73.6874,-23.4415,-78.7597,-20.3842,-81.244,-6.6741,-90.0312,7.264,-98.6169,21.0815,-107.7593,24.2718,-109.9312,30.7821,-115.7253,,,,,圣地亚哥-洛杉矶,其他,8986.7,"A350-900,B777-300ER,B787-9,A380-800"
LIM,-12.0219,-77.1143,LAX,33.942536,-118.408075,-9.9197,-79.2163,-4.8557,-83.048,-2.5772,-84.8343,11.6336,-96.236,25.5053,-108.2691,27.5969,-110.9786,31.6023,-115.8604,,,,,,,利马-洛杉矶,其他,6720.6,"A350-900,B777-300ER,B787-9,A380-800"
BOG,4.7016,-74.1469,MIA,25.7959,-80.287,5.986,-74.2331,8.8125,-75.1962,21.7955,-78.7131,22.5498,-79.4343,,,,,,,,,,,,,波哥大-迈阿密,其他,2435.1,"A320-200,B737-800,A321-200,B757-200"
JNB,-26.1392,28.246,LHR,51.47,-0.4543,-22.3577,26.8534,-14.2552,24.292,-10.3955,23.3446,-1.1336,20.4156,8.1653,18.0863,17.6225,15.0412,26.8105,11.9574,36.3611,8.2245,40.4127,6.5603,47.6546,1.8961,约翰内斯堡-伦敦希思罗,其他,9074.8,"A350-900,B777-300ER,B787-9,A380-800"
CAI,30.1219,31.4056,CDG,49.009722,2.547778,31.3399,30.0284,34.265,27.0117,40.386,19.1709,45.8867,9.7148,46.6511,7.8829,,,,,,,,,,,开罗-巴黎戴高乐,其他,3210.4,"A320-200,B737-800,A330-300,B767-300ER"
ADD,8.9779,38.7993,DXB,25.252778,55.364444,9.8931,39.5552,12.1952,41.6451,22.1374,51.789,22.8951,52.9526,,,,,,,,,,,,,亚的斯亚贝巴-迪拜,其他,2519.1,"A320-200,B737-800,A321-200,B757-200"
SYD,-33.9461,151.1772,MEL,-37.673333,144.843333,-33.9276,150.8463,-34.9623,149.6839,-36.9413,145.7541,,,,,,,,,,,,,,,悉尼-墨尔本,其他,705.3,"ERJ-145,CRJ-900,E190,A220-300"
SYD,-33.9461,151.1772,BNE,-27.384167,153.117222,-33.5946,151.5114,-32.3995,151.8732,-29.0051,152.4552,-28.6134,153.0062,,,,,,,,,,,,,悉尼-布里斯班,其他,751.9,"ERJ-145,CRJ-900,E190,A220-300"
SYD,-33.9461,151.1772,PER,-31.9403,115.9672,-33.921,149.4163,-34.3559,144.3239,-34.5089,133.5625,-32.9229,122.5567,-32.98,120.8488,,,,,,,,,,,悉尼-珀斯,其他,3277.2,"A320-200,B737-800,A330-300,B767-300ER"
SYD,-33.9461,151.1772,AKL,-37.008056,174.791667,-34.2958,152.5074,-35.1998,155.9622,-36.1547,162.6159,-36.6224,169.8205,-37.0076,171.1813,,,,,,,,,,,悉尼-奥克兰,其他,2158.9,"A320-200,B737-800,A321-200,B757-200"
MEL,-37.673333,144.843333,AKL,-37.008056,174.791667,-37.6381,146.5066,-38.1426,151.0479,-37.9838,168.7596,-37.4097,170.0754,,,,,,,,,,,,,墨尔本-奥克兰,其他,2637.0,"A320-200,B737-800,A321-200,B757-200"
